46.283333;5.166667
46.4;5.266667
46.333333;5.283333
46.133333;5.4
46.2;5.216667
46.2;5.133333
46.133333;5.266667
46.45;5.233333
46.066667;5.316667
46.333333;5.25
46.183333;5.2
46.216667;5.083333
46.25;5.216667
45.95;5.35
46.208333;5.658333
45.833333;5.1
46.25;5.766667
45.85;5.25
46.2;5.483333
45.883333;5.166667
46.033333;5.466667
0;0
46.116667;5.5
45.85;5.066667
46.316667;5.666667
46.216667;5.55
45.75;5.6
45.916667;5.808333
46;5.5
45.9;5.483333
45.85;5.583333
46.1;5.816667
0;0
45.833333;5.483333
46.316667;6.066667
46.183333;5.966667
46.2;5.816667
46;5.783333
46.133333;5.9
46.366667;6.133333
46.25;6.116667
45.716667;5.566667
46.25;6.083333
0;0
46;4.9
46.466667;4.966667
45.983333;4.816667
46.383333;4.883333
46.316667;4.95
46.116667;4.9
46.216667;4.85
45.833333;5
46;5.166667
46.183333;5.033333
45.916667;4.883333
46.066667;4.8
46.2;4.833333
45.916667;4.833333
46.233333;4.983333
49.683333;3.383333
49.4;3.966667
49.483333;3.816667
49.5;3.45
49.741667;4.116667
49.483333;3.75
49.683333;3.566667
49.566667;3.683333
49.616667;3.6
49.533333;3.383333
49.4;3.733333
49.666667;4.116667
49.6;3.583333
49.616667;3.95
49.766667;4.033333
49.633333;3.35
49.616667;3.966667
49.6;3.383333
41.983333;8.8
41.916667;8.733333
42.083333;8.783333
42.133333;8.8
42.116667;8.916667
0;0
42.083333;9.066667
42.016667;8.766667
42.033333;8.95
42.133333;8.583333
42.233333;8.833333
42.1;8.833333
42.216667;8.8
42.183333;8.933333
42.316667;8.633333
42.266667;8.75
42.5;9.116667
42.066667;9.016667
42.05;8.916667
0;0
0;0
42.7;9.45
42.616667;9.416667
42.4;9.283333
42.766667;9.45
42.85;9.35
42.95;9.35
0;0
42.65;9.416667
42.566667;9.166667
42.933333;9.433333
0;0
42.633333;9.35
0;0
0;0
42.583333;9.266667
0;0
49.75;3.366667
49.716667;3.166667
49.85;3.166667
50.033333;3.266667
49.783333;3.116667
50;3.3
49.75;3.316667
49.8;3.233333
49.766667;3.283333
49.9;3.366667
49.716667;3.2
49.85;3.233333
49.816667;3.266667
49.85;3.366667
49.75;3.366667
49.75;3.166667
49.783333;3.216667
41.85;8.933333
41.7;9.066667
41.683333;8.983333
41.8;9.016667
41.766667;9.083333
41.866667;9.016667
42;9.05
41.616667;8.916667
41.391667;9.166667
0;0
41.666667;9.133333
41.716667;9.05
41.9;8.916667
41.95;9.15
41.816667;8.9
41.733333;9.333333
41.883333;9.066667
41.766667;8.766667
41.933333;9.15
0;0
41.7;9
41.883333;9.016667
0;0
0;0
41.716667;9.05
41.516667;9.016667
41.716667;8.916667
0;0
41.833333;8.85
41.766667;9.133333
41.833333;9.375
41.75;9.1
41.75;9.1
41.533333;9.2
41.883333;9.05
41.9;9.133333
41.733333;9.166667
42.1;9.4
42.4;9.233333
42.3;9.283333
42.316667;8.983333
42.616667;8.866667
0;0
42.25;9.35
42.45;9.033333
42.566667;8.9
42.583333;9.016667
42.533333;9.283333
42.466667;9.316667
42.5;8.85
42.566667;8.75
42.383333;9.35
42.283333;9.466667
42.45;9.366667
42.433333;9.416667
42.25;9.166667
42.466667;9.466667
42.366667;9.15
42.333333;9.483333
41.916667;9.266667
42.35;9.416667
42.4;8.65
42.1;9.216667
42;9.283333
42.766667;9.466667
42.166667;9.183333
42.15;9.266667
42.233333;9.166667
42.566667;8.983333
49.883333;4.2165
49.85;3.65
49.7;3.8
49.9;3.85
50.033333;3.75
50.033333;3.716667
49.966667;3.833333
49.983333;3.983333
49.983333;3.65
49.95;3.416667
49.983333;3.55
49.833333;3.483333
49.9;4.016667
49.916667;4.133333
49.6;3.183333
49.383333;3.183333
49.366667;3.333333
49.533333;3.25
49.433333;3.3
49.333333;3.15
0;0
49.25;3.466667
49.183333;3.383333
48.933333;3.55
49.333333;3.516667
49;3.366667
49.083333;3.55
49.016667;3.233333
49.1;3.15
48.983333;3.366667
49.05;3.5
49.15;3.2
48.916667;3.483333
49.166667;3.116667
46.683333;3.166667
46.583333;3.3
46.333333;3.983333
46.6;3.666667
46.433333;3.366667
46.45;3.983333
46.383333;3.65
46.483333;3.866667
46.533333;3.75
0;0
46.383333;2.416667
46.233333;2.683333
46.416667;2.416667
46.333333;2.7
46.266667;2.8
46.35;2.616667
46.35;2.533333
46.25;2.7
46.333333;2.6
46.425;2.6
46.6;3.15
46.716667;2.7
46.216667;3.25
46.25;3.266667
46.283333;2.883333
46.133333;3.15
46.2;3.083333
46.233333;3.433333
46.316667;3.483333
46.583333;3.05
46.466667;2.966667
46.616667;2.833333
46.766667;3.033333
46.133333;3
46.466667;2.833333
46.45;3.166667
46.1;3.433333
46.25;3.75
46.066667;3.566667
46.116667;3.4
0;0
46.183333;3.283333
46.066667;3.516667
46.2;3.783333
44.066667;6.133333
43.966667;6.6
44.233333;6.633333
43.966667;6.666667
44.116667;6.333333
44.133333;5.966667
44.1;6.116667
43.95;6.366667
44.15;6.6
43.983333;6.233333
43.9;6.033333
43.85;6.516667
43.983333;6.766667
44.1;6.166667
44,09;6,01
44,09;6,24
43.933333;6.033333
44;5.916667
43.75;5.883333
0;0
44.033333;5.983333
44.05;6.033333
0;0
44.066667;5.966667
43.85;6.216667
43.866667;6.133333
44.166667;5.983333
43.933333;5.683333
44.3;6.3
44.033333;5.633333
44.383333;6.65
44.333333;6.166667
43.85;5.583333
44.366667;5.95
43.766667;5.75
44.066667;5.833333
43.9;5.783333
44.416667;6.733333
44.45;6.3
0;0
43.833333;5.783333
44.45;6.116667
43.816667;5.75
44.5;6.366667
43.883333;5.75
43.9;5.866667
43.883333;5.85
44.7;5.883333
44.266667;5.8
0;0
44.533333;6.183333
44.433333;6.2
44.466667;5.516667
44.483333;5.783333
44.35;5.65
0;0
44.2;5.7
44.783333;6.933333
44.783333;6.866667
44.633333;6.2
44.766667;6.733333
44.8;5.983333
44.533333;6.5
0;0
44.9;6.65
44.666667;6.775
0;0
44.616667;6.516667
45,05;6,31
44.783333;6.55
0;0
44.983333;6.516667
44.683333;6.333333
0;0
44.833333;6.483333
44.916667;6.6
44.616667;6.683333
45.04225;6.33711
43.7;7.25
43.75;7.283333
43.75;7.316667
43.733333;7.283333
43.7;7.333333
43.75;7.433333
43.8;7.366667
43.933333;7.5
43.716667;7.4
43.8;7.5
43.716667;7.366667
44.066667;7.616667
43.95;7.416667
43.766667;7.466667
43.683333;7.333333
43.783333;7.25
43.983333;7.133333
44;7.316667
43.833333;7.3
44.1;6.983333
43.866667;7.2
43.8;7.233333
43.883333;7.016667
43.95;7.183333
44.283333;6.866667
43.783333;7.266667
43.8;7.1
43.666667;7.15
43.783333;6.95
43.8;7.033333
43.683333;7.1
43.716667;7.15
43.75;7.15
43.666667;7.183333
43.7;7.116667
43.65;7.116667
43.583333;7.116667
43.633333;7.1
0;0
0;0
43.683333;7.016667
0;0
43.633333;7
43.583333;7.05
43.55;7.016667
43.55;6.933333
43.5;6.933333
43.766667;6.783333
43.6;6.916667
43.866667;6.766667
43.666667;6.866667
43.666667;6.916667
43.6;6.95
43.566667;7.016667
43.616667;6.966667
43.6;7
43.6;6.933333
44.9;4.383333
44.766667;4.516667
0;0
0;0
44.716667;4.616667
44.916667;4.333333
44.833333;4.8
44.366667;4.533333
44.916667;4.7
44.9;4.6
44.65;4.766667
44.816667;4.65
44.45;4.6
44.75;4.75
45.233333;4.783333
45.233333;4.666667
45.183333;4.733333
45.033333;4.65
45.133333;4.8
0;0
45;4.85
45.116667;4.75
45.266667;4.75
45;4.516667
45.066667;4.383333
0;0
45.083333;4.35
45.2;4.533333
45.183333;4.633333
45.116667;4.766667
0;0
44.716667;4.333333
44.683333;4.35
44.416667;4.166667
44.683333;4.05
44.5;4.366667
44.366667;4.15
44.85;4.116667
0;0
44.633333;4.583333
44.35;4.316667
44.616667;4.016667
44.733333;4.25
44.4;4.266667
44.683333;4.3
44.8;3.966667
44.8;4.133333
44.633333;4.516667
44.55;4.1
44.733333;4
44.633333;3.9
44.716667;4.2
49.5;4.333333
49.783333;4.783333
49.483333;4.166667
49.4;4.35
49.483333;4.483333
49.85;4.316667
49.783333;4.316667
49.783333;4.433333
49.55;4.5
49.85;4.266667
0;0
49.666667;4.733333
49.566667;4.116667
49.7;4.7
49.766667;4.716667
49.533333;4.25
49.666667;4.466667
49.766667;4.816667
49.783333;4.8
49.633333;4.833333
49.7;4.85
49.933333;4.683333
50.1;4.766667
49,85;4,77
49.883333;4.533333
50.1;4.808
49.883333;4.7
50.016667;4.733333
49.633333;5.066667
49.266667;5
49.266667;4.716667
49.583333;4.9
49.616667;5.283333
49.45;4.883333
49.683333;4.966667
49.666667;4.983333
49.616667;5.183333
49.733333;4.85
43.05;1.466667
42.766667;1.7
42.9;1.266667
42.816667;1.583333
42,88;0,94
42.8;1.733333
42.983333;1.633333
42,72;2,07
43.066667;1.566667
42.716667;1.866667
42.8;1.333333
42.766667;1.483333
42.9;1.933333
42,59;1,8
42,93;1,63
43.083333;1.633333
43;1.883333
42,91;1,15
43.133333;1.433333
43.066667;1.733333
43.083333;1.083333
43.066667;1.133333
43.083333;1.1
43.083333;1.833333
43.2;1.516667
43.083333;1.266667
43.116667;1.333333
43;1.35
43.283333;1.35
43,25;1,68
48.25;4.683333
48.583333;4.116667
48.3;4.516667
48.55;4.6
48.35;4.2
48.433333;4.116667
48.466667;4.4
48.2;4.783333
48.133333;4.516667
48.45;4.45
48.05;4.666667
48.666667;4.216667
48.383333;4.016667
48.3;4.116667
48.3;4.083333
48.216667;3.733333
48.05;4.283333
48.183333;4.066667
48.1;3.916667
47.983333;4.2
48.216667;3.883333
48.316667;4.183333
48.25;4.1
48.166667;4.25
48.2;4.2
48.016667;4.45
48.233333;3.983333
48.266667;4.066667
48.416667;3.566667
48.383333;3.65
0;0
48.583333;3.916667
48.5;3.85
48.516667;3.633333
48.383333;3.833333
48.416667;3.9
48.283333;4.033333
48.3;4.033333
48.3;3.916667
0;0
0;0
42.95;2.483333
0;0
43.283333;2.666667
0;0
42.983333;2.45
43.366667;2.466667
43.216667;2.35
43.383333;2.3
43.166667;2.333333
43.166667;2.3
43.383333;2.416667
43.25;2.333333
42.883333;2.5
43.25;2.366667
43;2.733333
43.316667;2.916667
0;0
43.183333;3.1
0;0
42.933333;2.983333
43.25;3
43.22838;3.135
43.1;3.083333
0;0
42.916667;3.033333
43.083333;2.966667
0;0
43.016667;3.05
43;2.95
43.033333;2.983333
43.366667;1.866667
43.05;2.15
43.116667;2.1
43.183333;2.25
43;2.266667
43.266667;2.183333
42.8;2.216667
43.333333;1.833333
42.816667;1.966667
43.2;1.75
42.85;2.2
43.25;2.116667
43.166667;2.066667
42.916667;2.2
43.316667;1.95
43.066667;1.95
43,37;2,25
44.75;2.85
44.533333;2.983333
44.4;2.45
44.383333;2.783333
44.533333;2.7
44.466667;2.716667
44.833333;2.683333
44.683333;2.616667
44.583333;2.6
44.833333;2.816667
44.416667;2.416667
44.616667;2.866667
44.55;2.733333
44.7;2.783333
44.366667;2.666667
44.35;2.583333
44.316667;2.533333
44.4;2.75
44.383333;2.533333
44.533333;2.5
0;0
44.516667;1.95
44.416667;2.216667
44,55;2,15
44.533333;2.25
44,28;2,43
44.2;2.083333
44.383333;2.133333
44.183333;2.3
0;0
44.166667;2.416667
44.516667;2.183333
44.333333;2.15
44.216667;2.2
44.133333;2.366667
44.15;3.1
44.133333;2.683333
43.733333;2.933333
44.316667;2.8
43.9;2.583333
43.816667;2.766667
43.983333;2.566667
44;2.7
44.366667;2.966667
43.95;2.75
44,42;3,09
44.133333;2.933333
44.083333;2.966667
43.9;3.166667
44.2;2.85
44;3.05
44;3.166667
44.183333;3.133333
44.2;3.183333
43.983333;2.983333
44.216667;2.983333
43.283333;5.566667
0;0
43.216667;5.533333
43.216667;5.633333
43.283333;5.7
43.3;5.633333
43.283333;5.516667
43.25;5.616667
43.333333;5.483333
43.383333;5.633333
43.416667;5.583333
43.45;5.416667
43.433333;5.383333
43.383333;5.55
43.45;5.466667
43.433333;5.55
43.366667;5.6
43.408333;5.316667
43.416667;5.5
43.383333;5.583333
43.35;5.466667
43.35;5.6
43.4;5.533333
43.4;5.366667
43.416667;5.433333
43.533333;5.433333
43.566667;5.066667
43.55;5.25
43.566667;5.366667
43.6;5.066667
43.55;5.183333
43.583333;5.133333
43.483333;5.5
43.633333;5.1
43.516667;5.266667
43.533333;5.3
43.466667;5.183333
43.333333;5.15
43.383333;5.166667
43.35;5.2
43.391667;5.233333
43.366667;5.25
43.416667;5.216667
43.483333;5.233333
43.416667;5.233333
43.333333;5.116667
43.466667;5.25
43.433333;4.95
43.516667;4.983333
43.4;5.05
43.4;4.983333
43.45;5.016667
43.5;5.55
43.483333;5.566667
43.45;5.566667
43.633333;5.633333
43.666667;5.433333
43.633333;5.533333
43.65;5.583333
43.516667;5.683333
43.683333;5.7
43.45;5.683333
43.55;5.6
43.6;5.483333
43.7;5.166667
43.7;4.95
43.666667;5.15
43.9;4.75
43.866667;4.95
43.716667;5.25
43.883333;4.85
43.75;4.95
43.7;5.033333
43.833333;4.833333
43.85;4.766667
43.633333;5.183333
43.7;5.083333
43.65;5.266667
43.716667;5.316667
43.75;4.8
43.833333;4.783333
43.733333;5.183333
43.8;4.95
43.683333;4.866667
43.866667;4.9
43.783333;5.033333
43.8;5
43.666667;5.35
43.9;4.8
43.833333;4.95
43.616667;5.3
43.783333;4.833333
43.75;5.083333
43.683333;5.166667
43.666667;4.633333
43.866667;4.683333
43.316667;5.483333
43,79;4,76
43.583333;5
43.383333;4.8
43.45;4.425
43.633333;4.816667
49.2;-0.6
49.2;-0.433333
0;0
49.166667;-0.416667
49.183333;-0.35
49.183333;-0.45
49.166667;-0.516667
49.15;-0.383333
49.166667;-0.383333
49.15;-0.483333
49.216667;-0.466667
49.133333;-0.166667
49.183333;-0.216667
49.15;-0.25
49.183333;-0.266667
49.216667;-0.366667
49.183333;-0.283333
49.2;-0.316667
49.166667;-0.15
49.166667;-0.316667
48.916667;-0.216667
49.05;0.25
49.016667;-0.35
48.933333;-0.033333
48.966667;-0.083333
0;0
0;0
49.016667;-0.266667
49.05;-0.333333
49.016667;0.333333
49.116667;0.016667
48.866667;-0.35
49.1;0.183333
49.4;0.3
49.25;-0.233333
49.25;-0.033333
49.316667;-0.033333
49.283333;0.116667
49.35;0.033333
49.233333;0.283333
49.333333;0.116667
49.25;-0.1
49.283333;0.133333
49.2;-0.3
49.4;0.15
49.216667;-0.25
49.166667;0.366667
49.266667;-0.183333
49.283333;-0.033333
49.266667;-0.233333
49.366667;0.083333
49.25;-0.766667
49.316667;-0.916667
49.3;-0.483333
49.1;-0.7
49.333333;-0.616667
49.333333;-0.583333
49.183333;-0.833333
49.25;-0.283333
49.283333;-0.433333
49.333333;-0.416667
0;0
49.233333;-0.3
49.333333;-0.983333
49.233333;-1
49.283333;-0.3
49.333333;-0.733333
49.333333;-0.45
49.383333;-1
49.316667;-0.366667
49.3;-0.316667
49.3;-0.35
49.25;-0.366667
49.283333;-0.25
49.333333;-0.4
49.333333;-0.533333
49.083333;-0.716667
49.016667;-0.633333
0;0
48.9;-0.983333
48.816667;-0.733333
49.116667;-0.3
48.883333;-0.916667
48.95;-0.566667
48.916667;-0.483333
49.083333;-0.4
48.85;-0.55
49.15;-0.433333
45.05;2.233333
44.9;2.466667
44.916667;2.45
44.983333;2.333333
44.916667;2.633333
45.1;2.35
0;0
44.716667;2.366667
44.833333;2.233333
0;0
44.7;2.466667
45.016667;2.583333
44.783333;2.35
45.1;2.883333
45.233333;2.933333
44.95;3.1
0;0
45.216667;2.45
44.833333;3.066667
45.366667;2.55
45.266667;2.7
45.3;2.333333
45.266667;3.133333
0;0
44.966667;2.816667
45.116667;2.966667
44.95;3.233333
45.35;2.4
45.383333;2.833333
44.983333;2.933333
44.933333;3.05
45.316667;3.083333
45.383333;2.466667
45.45;0.15
45.65;0.15
45.266667;0.166667
45.5;-0.016667
45.3;-0.016667
0;0
45.533333;0.416667
45.55;0.05
45.55;0.283333
45.683333;0.566667
45.666667;0.1
45.616667;0.1
45.333333;0.083333
45.65;0.1
45.55;-0.216667
45.6;-0.3
45.633333;-0.066667
45.383333;-0.233333
0;0
45.666667;-0.233333
45.716667;-0.3
45.8;-0.266667
45.65;-0.15
46.1;0.7
45.9;0.016667
46.033333;0.516667
0;0
45.833333;-0.1
45.716667;0.05
45.916667;0.25
46;0.216667
45.933333;0.383333
46.033333;0.45
46;0.033333
45.95308;0.85879
45.9;0.383333
45.866667;0.15
45.866667;0.716667
0;0
45.85;0.566667
45.733333;0.083333
45.983333;0.233333
45.716667;0.116667
45.783333;0.333333
0;0
45.8;0.55
0;0
45.666667;0.2
45.666667;0.233333
45.683333;0.116667
45.65;0.2
46.208333;-1.516667
46.183333;-1.066667
46.25;-1.083333
46.2;-1.4
46.183333;-1.333333
46.183333;-1.133333
46.166667;-1.15
46.183333;-1.383333
0;0
46.2235;-1.43794
46.15;-1.083333
46.183333;-1.1
46.166667;-1.266667
46.15;-1.3
46.2;-1.366667
46.116667;-0.933333
46.183333;-0.908333
46.25;-1.033333
0;0
46.133333;-1.1
46.2;-0.816667
46.166667;-1.016667
46.05;-0.683333
45.983333;-0.966667
46.066667;-1.083333
45.983333;-1.1
46.016667;-1.175
45.933333;-0.983333
45.85;-0.616667
46.016667;-0.716667
0;0
45.85;-0.4
0;0
45.883333;-0.316667
45.916667;-0.166667
0;0
45.9;-0.8
0;0
45.716667;-0.55
45.683333;-0.666667
45.95;-0.116667
45.783333;-0.666667
45.383333;-0.466667
45.383333;-0.483333
0;0
45.516667;-0.3
45.55;-0.5
45.166667;-0.3
45.483333;-0.6
45.283333;-0.116667
45.2;-0.066667
45.316667;-0.466667
45.6;-0.7
45.566667;-0.95
45.633333;-1.033333
45.6;-1
45.733333;-1.133333
45.733333;-0.833333
45.866667;-0.983333
45.866667;-0.833333
0;0
45.7;-1.05
45.733333;-1.05
0;0
45.733333;-1.1
45.85;-1.066667
46.016667;-1.35
45.766667;-1.133333
45.9;-1.2
0;0
45.716667;-1.15
45.9;-1.033333
45.716667;-1.033333
0;0
46.033333;-1.383333
45.983333;-1.333333
45.633333;-1.083333
45.95;-1.316667
45.65;-1.033333
47.283333;2.466667
47.216667;2.316667
47.55;2.45
47.433333;2.75
47.483333;2.433333
47.216667;2.583333
47.383333;2.883333
0;0
47.083333;2.4
47.433333;2.383333
47.233333;2.5
47.1;2.483333
47.166667;2.233333
47.15;2.133333
46.983333;2.133333
47.183333;1.95
47.066667;2.316667
46.933333;2.266667
47.233333;1.983333
47.35;2.2
47.1;2.35
46.666667;2.55
46.95;2.55
0;0
46.65;2.366667
47.133333;3
46.783333;2.85
47.033333;2.65
46.8;2.716667
47.083333;2.733333
46.6;2.2
47.1;3.016667
46.9;2.733333
46.9;2.633333
0;0
46.833333;2.116667
46.55;2.35
46.55;2.583333
45.133333;1.683333
45.133333;1.833333
45.25;1.483333
45.1;1.933333
45.416667;1.366667
44.95;1.833333
0;0
45.516667;1.466667
45.316667;1.333333
45.433333;1.7
45.233333;1.7
45.183333;1.983333
45.266667;1.816667
45.233333;1.533333
45.316667;1.483333
0;0
45.35;1.633333
45.333333;1.366667
45.3;1.8
45.45;1.4
45.316667;1.766667
45.2;1.766667
45.216667;1.65
45.25;1.316667
45.016667;1.7
45.15;1.533333
45.066667;1.433333
45.133333;1.6
45.15;1.316667
45.516667;1.75
45.616667;2.383333
45.533333;2.133333
45.2;2.166667
45.016667;1.866667
45.65;2.233333
45.533333;1.983333
45.4;2.5
45.583333;1.716667
0;0
45.45;2.316667
45.466667;1.6
45.666667;2.333333
45.283333;2.166667
45.466667;1.716667
47.366667;5.033333
47.383333;5.033333
47.383333;5.066667
47.3;4.933333
47.316667;5.016667
47.316667;4.85
47.333333;4.866667
47.316667;5
47.383333;5.183333
47.233333;5.366667
47.333333;5.266667
47.5;5.3
47.266667;5.383333
47.333333;5.083333
0;0
47.333333;5.183333
47.283333;5
47.3;5.133333
47.283333;5.066667
47.666667;4.733333
47.75;4.583333
47.4;4.283333
47.533333;4.483333
47.633333;4.633333
47.45;4.5
47.7;4.316667
47.3;4.65
47.99658;4.61977
47.583333;5.033333
47.616667;5.016667
47.816667;4.433333
47.533333;4.216667
47.7;4.95
47.916667;4.716667
47.483333;4.683333
47.433333;4.733333
47.633333;5.216667
0;0
47.433333;4.433333
47.366667;4.166667
47.133333;4.983333
0;0
47.066667;4.866667
47.166667;4.75
47.216667;4.45
47.133333;5.166667
46.983333;4.616667
47.05;5.1
46.983333;4.75
47.133333;4.316667
47.216667;5.066667
47.033333;4.833333
47.183333;4.85
47.133333;5.216667
0;0
47.166667;4.983333
0;0
47.016667;4.783333
46.916667;4.683333
48.483333;-2.966667
48.466667;-2.95
48.516667;-2.683333
48.5;-2.833333
48.5;-2.716667
48.45;-2.75
48.533333;-2.783333
48.583333;-2.816667
48.516667;-2.783333
48.45;-2.816667
0;0
48.45;-2.133333
48.483333;-2.266667
48.316667;-2.266667
48.283333;-2.15
48.633333;-2.466667
48.383333;-1.983333
0;0
48.566667;-2.366667
48.55;-2.433333
48.433333;-2.183333
48.616667;-2.15
0;0
48.5;-1.983333
48.366667;-2.25
48.6;-2.55
48.533333;-2.15
48.3;-2
48.633333;-2.266667
48.6;-2.183333
48.316667;-2.866667
48.4;-2.583333
48.216667;-3.033333
48.133333;-2.533333
48.3;-2.516667
48.316667;-3.05
48.3;-2.75
0;0
48.166667;-2.833333
48.4;-2.5
48.633333;-3.3
48.55;-3.4
48.483333;-3.183333
48.433333;-3.333333
48.333333;-3.1
48.516667;-3.183333
48.216667;-3.4
48.65;-3.05
48.216667;-3.183333
48.566667;-3.183333
48.616667;-3.533333
48.266667;-3.5
48.816667;-3.066667
48.566667;-3.333333
48.45;-3.116667
48.65;-3.633333
48.683333;-3.516667
48.6;-2.833333
48.783333;-3.3
0;0
0;0
48.833333;-3.183333
48.733333;-3.033333
48.716667;-2.966667
48.6;-2.883333
48.766667;-3.1
48.8;-3.416667
48.783333;-3.233333
48.833333;-3.366667
48.766667;-3.516667
48.716667;-3.2
48.8;-3.033333
48.75;-2.983333
48.85;-3.233333
48.75;-3.066667
0;0
48.816667;-3.366667
48.716667;-3.05
46.2;2
46.266667;1.866667
46.066667;1.566667
45.883333;1.633333
46.35;1.483333
46.333333;1.9
46.266667;1.766667
46.15;1.566667
46;1.6
46.283333;1.616667
46.383333;1.683333
46.25;2.05
46.416667;1.9
46.233333;1.483333
46.15;1.516667
45.966667;1.85
46.083333;2.05
45.983333;2.15
46.066667;2.433333
46;2.066667
46.25;2.316667
0;0
45.866667;2.4
45.983333;2.3
46.233333;2.066667
46.266667;2.3
0;0
46.183333;2.55
46.116667;2.166667
45.783333;2.166667
45.75;1.933333
45.75;2.133333
46.35;2
45.933333;1.95
45.916667;2.483333
45.166667;0.55
45;0.266667
45.216667;0.733333
45.2;0.666667
45.183333;0.45
45.25;0.683333
45.166667;0.7
45.116667;0.233333
45.066667;0.133333
0;0
0;0
45.233333;0.616667
45.183333;0.716667
44.85;0.866667
44.85;0.8
44.733333;0.683333
0;0
44.85;0.483333
0;0
0;0
44.95;0.35
44.95;0.1
44.833333;0.55
44.783333;0.366667
44.666667;0.4
44.866667;0.166667
44.833333;0.35
44.916667;0.683333
0;0
0;0
45.416667;1.133333
45.316667;1.133333
45.216667;0.833333
45.5;0.5
45.3;0.35
45.283333;0.633333
45.683333;0.633333
45.4;0.65
45.516667;0.916667
45.533333;0.783333
45.216667;0.933333
45.6;0.966667
45.483333;1.066667
45.15;0.016667
45.15;1.016667
44.833333;1.066667
45.016667;1.3
45.083333;1.2
44.883333;0.933333
45.233333;1.2
0;0
45.15;1.216667
44.783333;1
44.666667;1.116667
44.733333;1.233333
45.066667;0.75
0;0
44.833333;1.25
45.116667;1.233333
45.016667;1
0;0
47.133333;5.883333
47.116667;5.883333
47.033333;5.766667
47.266667;5.883333
47.3;5.95
0;0
47.2;5.783333
47.25;6.033333
47.1;6.033333
0;0
47.233333;5.933333
47.133333;6.05
47.25;5.933333
47.3;6.15
47.016667;6.2
47.416667;6.266667
47.133333;6.166667
47.233333;6.25
0;0
47.283333;6.266667
47.3;6.2
47.1;6.233333
47.3;6.233333
47.05;6.25
47.083333;6.2
47.033333;6.266667
47.5;6.45
47.5;6.533333
47.55;6.7
47.516667;6.75
47.433333;6.266667
47.483333;6.766667
0;0
47.266667;6.9
47.316667;6.6
47.533333;6.8
47.333333;6.766667
47.266667;6.833333
47.216667;6.816667
47.25;6.883333
47.45;6.65
47.5;6.7
47.5;6.766667
47.433333;6.916667
47.533333;6.9
47.483333;6.816667
47.383333;6.816667
47.45;6.85
47.533333;6.866667
47.5;6.866667
47.45;6.8
47.433333;6.783333
47.166667;6.4
46.95;6.383333
47.05;6.383333
46.916667;6
47.133333;6.433333
46.883333;6.233333
47.2;6.7
46.74197;6.2517
47.15;6.6
47.2;6.466667
47.133333;6.366667
0;0
47.05;6.483333
0;0
46.783333;6.283333
47.116667;6.683333
47;6.55
47.066667;6.666667
45.016667;4.916667
44.95;4.883333
44.966667;4.95
44.933333;4.9
44.483333;4.783333
44.583333;4.733333
44.866667;4.966667
44.866667;4.916667
44.583333;4.866667
44.583333;4.95
44.716667;4.833333
44.633333;4.816667
44.45;4.716667
44.4;4.75
44.766667;4.85
44.716667;5.416667
44.5;4.95
44.766667;4.916667
44.483333;5.316667
44.366667;5.266667
44.683333;5.15
44.216667;5.433333
44.866667;5.05
44.65;5.366667
44.3;5.216667
44.6;5.166667
44.3;4.883333
44.65;5.566667
0;0
44.4;4.9
44.316667;5.516667
44.366667;4.8
44.533333;5.116667
44.966667;5.416667
44.666667;5.7
45.233333;4.866667
44.966667;5.033333
45.133333;5.05
45.216667;4.833333
45.216667;4.95
45.083333;5.133333
45.183333;5.066667
45.316667;4.916667
45.083333;5.166667
45.25;5.033333
45.266667;5.1
45.066667;5.05
45.083333;5.05
45.05;5.05
48.766667;1.1
49;1.416667
48.991667;1.166667
48.67957;0.7847
48.933333;1.15
0;0
48.85;0.883333
48.866667;1.35
48.766667;0.816667
48.966667;1.433333
48.933333;1.45
48.816667;1.283333
49.016667;1.15
48.866667;1.416667
48.916667;1.433333
48.816667;1.266667
48.883333;1.466667
48.9;1.4
48.933333;1.15
48.8;1.316667
48.816667;1.35
48.8;1.366667
49.166667;0.7
48.833333;0.733333
49.066667;0.816667
48.916667;0.916667
49.1;1.066667
48.916667;0.7
49.15;1.1
49.15;0.716667
48.983333;0.8
48.983333;0.8
49.183333;0.816667
49.1;0.733333
49.433333;0.633333
49.316667;0.65
49.2;0.383333
49.383333;0.85
0;0
49.1;0.6
49.433333;0.366667
49.35;0.683333
49.016667;0.533333
49.2;0.533333
48.95;0.45
49.416667;0.45
49.233333;0.633333
0;0
49.316667;1.183333
49.216667;0.95
49.233333;1.233333
49.15;1.333333
0;0
49.233333;1.35
49.3;0.833333
49.283333;0.9
49.3;1.1
49.283333;1.216667
49.25;1.216667
49.316667;1.233333
49.3;1.25
49.116667;1.4
49.383333;1.733333
49.316667;1.316667
49.216667;1.633333
49.316667;1.366667
49.4;1.533333
49.3;1.7
49.183333;1.666667
49.283333;1.5
49.116667;1.533333
49.25;1.7
0;0
49.333333;1.666667
49.1;1.383333
49.433333;1.4
0;0
49.283333;1.733333
49.333333;1.266667
49.333333;1.266667
49.366667;1.433333
49.083333;1.483333
49.233333;1.65
0;0
48.416667;1.483333
0;0
48.516667;1.75
48.566667;1.5
0;0
48.666667;1.516667
48.45;1.5
48.35;1.5
48.6;1.7
48.416667;1.483333
48.716667;1.3
48.85;1.433333
48.55;1.166667
48.683333;0.966667
48.683333;0.9
48.766667;1.15
48.533333;1.15
48.733333;1.366667
48.766667;1.25
48.2;0.916667
48.366667;1.333333
48.5;1.066667
48.483333;1.216667
48.316667;0.9
48.15;1.05
48.3;1.066667
48.266667;1.1
48.433333;1.466667
0;0
48.333333;1.666667
48.233333;1.366667
48;1.283333
48.333333;1.616667
48.083333;1.333333
47.866667;-4.116667
48.1;-4
48;-4.033333
47.9;-4.016667
47.916667;-3.983333
47.933333;-4.15
48;-4.1
48.433333;-4.516667
48.4;-4.483333
48.45;-4.466667
48.5;-4.5
48.483333;-4.716667
48.5;-4.533333
48.483333;-4.566667
0;0
48.566667;-4.416667
48.566667;-4.65
48.533333;-4.733333
48.366667;-4.766667
0;0
48.533333;-3.65
48.666667;-3.916667
48.666667;-4.1
48.416667;-3.95
48.6;-3.75
48.55;-3.966667
48.666667;-3.7
48.633333;-3.933333
0;0
48.45;-4.166667
48.483333;-3.666667
48.5;-4.2
48.7;-3.65
48.616667;-4.016667
48.583333;-3.833333
0;0
48.7;-3.8
48.666667;-4.05
48.6;-4.116667
48.733333;-3.983333
48.666667;-4.316667
48.4;-4.266667
48.433333;-4.4
48.633333;-4.416667
48.583333;-4.2
48.4;-4.4
48.25;-4.316667
48.4;-3.75
48.3;-3.95
48.283333;-4.6
48.283333;-3.583333
48.166667;-4.133333
48.183333;-3.816667
48.283333;-3.783333
48.066667;-3.833333
48.25;-4.483333
48.083333;-4.266667
48.3;-4.183333
48.1;-3.783333
48.1;-4.2
48.383333;-4.3
48,46;-5,1
48.15;-4.233333
48.333333;-3.65
48.2;-3.716667
48.1;-3.866667
48.016667;-4.533333
48.083333;-4.516667
47.883333;-4.15
48.016667;-4.266667
0;0
0;0
47.833333;-4.166667
47.833333;-4.166667
0;0
47.816667;-4.216667
47.9;-4.283333
0;0
47.9;-3.433333
47.933333;-3.7
47.8;-3.583333
47.866667;-3.916667
47.933333;-3.483333
47.9;-3.833333
47.816667;-3.633333
47.816667;-3.783333
47.85;-3.75
47.833333;-3.7
47.85;-3.85
43.8;4.433333
43.8;4.383333
43.766667;4.416667
43.783333;4.3
43.833333;4.35
43.566667;4.191667
43.683333;4.2
43.75;4.316667
43.8;4.633333
43.716667;4.316667
43.75;4.516667
43.883333;4.483333
43.9;4.466667
43.733333;4.233333
0;0
43.733333;4.35
43.666667;4.233333
43.533333;4.141667
43.816667;4.466667
43.733333;4.2
43.683333;4.433333
43.7;4.283333
43.733333;4.216667
44.066667;4.316667
44.3;4.566667
43.883333;4.683333
44.166667;4.616667
44.233333;4.583333
44.116667;4.516667
44.216667;4.483333
44.1;4.666667
0;0
44.033333;4.683333
43.883333;4.566667
44.083333;4.75
43.883333;4.6
44;4.783333
43.966667;4.683333
0;0
44.133333;4.083333
44.216667;4.266667
44.016667;4.333333
44.35;4.016667
44.3;4.35
44.083333;4.366667
44.283333;4.1
44.216667;3.983333
44.3;3.983333
44;4.216667
44.25;4.083333
44.15;4.216667
44.266667;4.166667
44.083333;4.133333
44.166667;4.083333
43.966667;4.116667
0;0
43.966667;3.44004
44.05;3.983333
44.033333;3.6
43.8;4.05
43.766667;4.233333
43.916667;4.05
43.783333;4.183333
44.058333;3.358333
43.816667;4.266667
44.15;4.066667
43.816667;4.216667
44.033333;3.816667
43.766667;4.166667
43.95;3.9
0;0
43.8;4.25
44.116667;3.733333
44.1;3.783333
0;0
44.05;3.7
44.033333;4.083333
43.966667;3.666667
44.15;3.683333
44.083333;4.083333
44.1;3.883333
44.125;3.758333
43.6;1.433333
43.716667;1.666667
43.616667;1.5
43.65;1
43.8;1.616667
43.833333;1.55
0;0
43.6;1.6
43.666667;1.483333
43.716667;1.483333
43.483333;1.45
43.533333;1.666667
43.55;1.566667
43.683333;1.616667
43.45;1.433333
43.483333;1.433333
43.533333;1.533333
43.55;1.466667
43.683333;1.316667
43.666667;1.366667
0;0
43.783333;1.116667
43.783333;1.416667
43.733333;1.416667
43.7;1.433333
43.616667;1.35
43,77;1,29
43.733333;1.383333
43.55;1.15
43.616667;1.25
43.516667;1.316667
43.45;1.266667
0;0
0;0
43.616667;1.3
43.566667;1.3
43.583333;1.35
43.316667;1.6
0;0
43.383333;1.5
0;0
43.433333;1.6
43.233333;1.266667
43.383333;1.366667
43.433333;1.816667
43.35;1.15
43.316667;1.7
43.516667;1.566667
43.45;1.4
43.25;1.116667
43.466667;2
43.366667;0.883333
43.216667;0.95
42.966667;0.666667
42.833333;0.6
43;0.9
43.066667;0.65
42.883333;0.716667
43.133333;0.9
43.066667;0.716667
43.15;1.016667
43.2;0.566667
43.466667;1.116667
43.266667;0.65
43.3;1.016667
43.7;0.083333
43.716667;-0.166667
43.75;-0.066667
43.516667;0.1
43.35;0.583333
43.65;0.583333
43.716667;0.783333
43.383333;0.516667
0;0
43.583333;0.833333
0;0
43.433333;0.266667
43.616667;0.45
43.583333;0.25
43.583333;0.083333
43.433333;0.15
43.433333;0.683333
43.55;0.9
43.8;-0.016667
43.416667;0.85
43.7;0.533333
43.733333;0.733333
43.533333;0.6
43.766667;-0.183333
43.733333;0.666667
43.85;-0.183333
0;0
43.733333;0.45
43.716667;1
43.566667;1.066667
43.866667;0.8
0;0
43.833333;-0.016667
43.783333;0.15
43.933333;0.266667
44.016667;0.616667
43.633333;0.35
43.85;0.733333
43.95;0.083333
43.983333;0.616667
43.983333;0.716667
43.566667;0.983333
43.933333;-0.066667
43.85;0.233333
43.983333;0.216667
44.833333;-0.566667
44.883333;-0.616667
44.866667;-0.616667
44.8;-0.533333
44.816667;-0.6
44.766667;-0.55
0;0
45.016667;-0.533333
44.85;-0.516667
44.9;-0.516667
44.883333;-0.4
44.816667;-0.516667
44.883333;-0.5
44.85;-0.533333
44.866667;-0.533333
44.883333;-0.416667
45.066667;-0.716667
45.033333;-0.75
45.35;-0.9
44.916667;-0.633333
45.083333;-1.05
45.216667;-0.833333
44.883333;-0.65
45.441667;-1.083333
45.2;-1.066667
44.983333;-1.079
45.541667;-1.066667
0;0
0;0
44.933333;-0.833333
45.508333;-1.116667
45.358333;-1.058333
44.866667;-0.683333
44.833333;-0.766667
44.833333;-0.633333
44.7;-0.483333
44.6;-0.55
0;0
44.766667;-0.616667
44.733333;-0.6
44.8;-0.616667
44.74288;-1.1
44.65889;-1.16355
44.7671;-1.1394
44.483333;-0.25
44.683333;-1
44.483333;-0.433333
0;0
44.65;-0.983333
44.383333;-0.45
44.283333;-0.25
44.416667;-0.066667
44.633333;-1.066667
44.5;-0.633333
44.7;-1.033333
44.6343;-1.13704
44.616667;-0.766667
0;0
0;0
44.466667;-0.066667
44.666667;-0.25
44.616667;-0.05
44.616667;-0.316667
44.716667;-0.45
44.633333;-0.333333
44.55;-0.166667
44.75;-0.066667
44.766667;-0.25
44.766667;-0.5
44.7;-0.333333
44.566667;-0.15
44.65;0.133333
44.783333;-0.083333
44.883333;-0.283333
44.95;-0.416667
44.733333;0.05
44.833333;-0.183333
44.783333;0.066667
44.95;-
44.916667;-0.266667
0;0
45;0.033333
44.966667;-0.266667
44.883333;-0.1
44.9;-0.316667
45.016667;-0.133333
45.216667;-0.633333
0;0
45;-0.216667
45.25;-0.616667
45.1;-0.383333
45.116667;-0.45
45.25;-0.45
43.566667;3.9
43.6;3.883333
43.533333;3.933333
43.566667;3.95
43.65;3.883333
43.65;3.783333
43.616667;3.8
43.666667;3.85
43.7;3.883333
43.666667;4.016667
43.733333;4.016667
43.616667;4.066667
43.633333;3.9
43.566667;4.083333
43.65;3.933333
43.683333;4.133333
43.666667;4.183333
43.65;3.966667
43.916667;3.75
43.683333;3.583333
43.7;3.683333
43.566667;3.433333
0;0
43.75;3.1
43.65;3.25
43.766667;3.8
43.55;3.716667
43.55;3.766667
43.75;3.35
43.683333;3.466667
43.783333;3.45
43.583333;3.833333
43.65;3.7
43.7;3.866667
43.616667;3.783333
43.583333;3.833333
43.45;3.3
43.333333;2.85
43.4;2.883333
43.466667;3.466667
43.5;3.166667
43.616667;3.15
0;0
43.616667;2.866667
43.333333;3.033333
43.666667;2.966667
43.433333;3.433333
43.466667;3.083333
43.5;3.366667
43.416667;3.033333
0;0
43.6;3.066667
43.366667;3.016667
43.383333;3.45
43.533333;3.366667
43.283333;3.133333
43.4;3.516667
43.4;3.5
43.366667;3.033333
43.4;3.416667
43.35;3.25
43.366667;3.25
43.316667;3.3
43.266667;3.166667
43.3;3.266667
43.25;3.283333
43.316667;3.466667
43.433333;3.666667
43.366667;3.416667
43.45;3.65
43.45;3.75
43.5;3.7
43.35;3.533333
43.516667;3.683333
43.4;3.683333
43.3;3.416667
0;0
48.083333;-1.616667
48.083333;-1.683333
48.066667;-1.716667
48.05;-1.6
48.116667;-1.75
48.3;-1.583333
48.183333;-1.65
48.466667;-1.766667
48.35;-1.716667
48.3;-1.516667
48.3;-1.8
48.316667;-1.9
0;0
48.45;-1.833333
48.15;-1.716667
48.183333;-1.95
48.116667;-2.133333
48.166667;-2.066667
48.15;-1.9
48.05;-1.783333
48.183333;-1.85
48.133333;-2.233333
48.216667;-1.783333
48.1;-1.8
48.15;-1.766667
47.833333;-1.683333
47.7;-2.066667
47.983333;-1.933333
48;-1.616667
47.933333;-1.75
47.95;-1.983333
47.816667;-2.016667
48.033333;-1.75
47.966667;-1.616667
48.05;-1.7
47.933333;-1.666667
47.833333;-1.566667
47.716667;-1.733333
47.816667;-1.833333
0;0
47.983333;-2.033333
48.133333;-1.533333
47.933333;-1.3
48.066667;-1.15
48.016667;-1.283333
48.166667;-1.183333
48.116667;-1.483333
48.125;-1.6
48.116667;-1.4
48.05;-1.5
48.216667;-1.166667
47.85;-1.216667
47.883333;-1.433333
48.083333;-1.383333
48.15;-1.283333
47.916667;-1.433333
48.45;-1.483333
48.35;-1.383333
48.333333;-1.166667
48.25;-1.5
48.35;-1.2
48.25;-1.466667
0;0
0;0
48.533333;-1.783333
48.683333;-1.85
0;0
48.633333;-2.066667
48.6;-1.85
48.616667;-1.9
48.6;-2.033333
48.583333;-2.016667
48.483333;-1.833333
48.6;-1.783333
48.533333;-1.566667
48.583333;-2.066667
48.616667;-1.85
48.65;-2.016667
46.75;1.833333
46.683333;1.7
46.633333;1.75
46.816667;1.7
46.833333;1.7
46.683333;1.516667
46.833333;1.566667
46.433333;1.833333
47.1;1.7
47.2;1.783333
46.583333;1.516667
46.483333;1.566667
46.55;2.016667
46.85;1.95
46.55;2.116667
46.633333;1.483333
46.55;1.75
46.483333;1.6
47.05;2.05
46.933333;1.433333
46.9;1.266667
46.85;1.066667
47.05;1.566667
0;0
46.55;1.166667
46.516667;1.45
46.616667;1.25
47.083333;1.35
0;0
46.683333;0.983333
47.216667;1.533333
47;1.466667
46.85;1.533333
47.383333;0.683333
47.416667;0.983333
47.316667;0.916667
47.533333;1
47.333333;1
47.466667;1.066667
47.266667;1.183333
47.45;0.866667
47.466667;0.7
47.25;0.933333
47.55;0.833333
47.4;0.766667
0;0
47.266667;0.6
46.866667;0.766667
47.116667;1.016667
46.833333;0.95
47.1;0.733333
47.333333;0.716667
47.266667;0.85
47.05;0.616667
47.283333;0.716667
47.366667;0.733333
47.133333;0.3
0;0
47.2;0.183333
47.15;0.45
47.266667;0.466667
47.333333;0.616667
47.3;0.35
47.35;0.666667
47.383333;0.65
47.45;0.45
47.566667;0.666667
47.283333;0.216667
47.55;0.25
0;0
47.4;0.6
47.4;0.666667
45.266667;5.866667
45.233333;5.8
45.216667;5.766667
45.166667;5.716667
45.233333;5.783333
45.133333;5.75
45.1;5.716667
45.066667;5.733333
45.133333;5.9
45.133333;5.716667
45.183333;5.783333
45.033333;5.766667
45.016667;5.7
45.166667;5.766667
45.183333;5.666667
45.25;5.633333
45.266667;5.616667
0;0
44.816667;5.933333
45.05;6.083333
45.166667;5.55
44.95;5.683333
0;0
44.816667;5.566667
45.116667;5.666667
44.883333;5.783333
44.833333;5.85
45.033333;5.533333
45.083333;6.05
0;0
44.95;5.75
45.133333;5.533333
45.033333;6.133333
44.983333;5.75
44.95;5.766667
45.066667;5.633333
45.166667;5.65
45.15;5.683333
45.4;6.066667
45.433333;5.983333
45.516667;5.566667
45.2;5.833333
45.433333;5.75
45.25;5.666667
45.333333;5.983333
45.333333;5.933333
45.433333;5.583333
0;0
45.366667;5.683333
45.366667;6.05
0;0
45.75;5.283333
45.8;5.166667
45.716667;5.433333
45,59;5,28
45.8;5.4
45.566667;5.366667
0;0
45.6;5.55
45.65;5.183333
45.8;5.283333
45.533333;5.666667
45.616667;5.383333
45.65;5.233333
45.516667;5.4
45.4;5.5
45.533333;5.166667
45.433333;5.166667
0;0
45.45;5.55
45.466667;5.45
45.6;5.116667
45.316667;5.283333
45.35;5.316667
45.316667;5.233333
45.25;5.166667
45.633333;5.116667
45.333333;4.866667
45.433333;4.833333
45.45;4.933333
45.533333;5.1
45.566667;4.816667
45.466667;4.816667
45.583333;4.883333
45.516667;4.966667
45.666667;5.083333
0;0
45.45;4.766667
45.066667;5.3
45.2;5.383333
0;0
45.35;5.616667
45.266667;5.45
45.116667;5.283333
45.333333;5.566667
45.316667;5.65
45.383333;5.666667
46.9;5.7
46.583333;5.583333
0;0
46.383333;5.566667
46.766667;5.533333
46.433333;5.366667
46.55;5.416667
46.716667;5.633333
46.616667;5.7
46.833333;5.5
46.616667;5.55
46.666667;5.55
46.9;5.45
46.85;5.933333
46.766667;5.883333
46.716667;6.083333
0;0
0;0
46.55;6.066667
46.7;6.033333
46.533333;6.1315
46.3;5.816667
46.466667;5.716667
46.366667;5.783333
46.416667;5.8
46.633333;6.05
46.666667;6.083333
47.066667;5.383333
46.916667;5.683333
47.15;5.566667
47.15;5.516667
47.016667;5.583333
47.05;5.35
47.133333;5.5
47.2;5.683333
46.966667;5.8
44.36596;-0.64616
44.066667;-0.35
44.116667;0.066667
44.216667;-1.2
44.375;-0.683333
43.833333;-0.5
0;0
0;0
44.391667;-1.166667
43.966667;-0.366667
44.05;-0.533333
43.883333;-1.15
44.216667;-0.816667
44.333333;-1.15
43.883333;-1.3
44.083333;-0.716667
43.883333;-0.5
44.483333;-1.075
43.95;-1.3
43.666667;-1.133333
43.65;-1.383333
43.8;-1.3
43.583333;-1.1
43.65;-1.033333
43.633333;-1.35
0;0
43.633333;-1.433333
43.716667;-1.05
43.6;-1.416667
43.816667;-1.383333
43.566667;-1.433333
43.683333;-1.366667
43.533333;-1.466667
43.783333;-1.4
43.7;-0.266667
43.6;-0.75
43.616667;-0.433333
44;-0.783333
43.583333;-0.633333
43.9;-0.25
43.716667;-0.6
43.8;-0.816667
43.683333;-0.783333
43.65;-0.783333
43.666667;-0.716667
43.916667;-0.833333
43.766667;-0.366667
43.6;-0.9
43.616667;-1.033333
43.766667;-0.9
47.316667;1.233333
47.683333;1.3
47.583333;1.333333
47.5;1.25
47.566667;1.216667
47.483333;1.183333
47.5;1.466667
47.616667;1.366667
47.633333;1.45
47.533333;1.6
47.3;1.533333
47.608333;2.175
47.216667;1.383333
47.266667;1.916667
47.466667;1.633333
47.65;1.6
47.533333;1.85
47.383333;1.966667
47.4;1.833333
47.333333;1.45
47.666667;1.516667
47.716667;0.966667
47.8;1.1
47.75;0.733333
48.066667;0.95
47.883333;1.416667
47.783333;1.25
48;1.1
47.95;1.283333
47.816667;1.483333
47.833333;0.783333
45.433333;4.316667
45.433333;4.4
45.45;4.333333
45.45;4.45
45.466667;4.366667
45.466667;4.35
45.516667;4.533333
45.533333;4.55
45.416667;4.583333
45.55;4.433333
45.5;4.316667
45.483333;4.433333
45.483333;4.4
45.416667;4.516667
45.483333;4.55
45.516667;4.583333
45.466667;4.666667
45.466667;4.5
45.516667;4.366667
45.483333;4.45
45.383333;4.7
45.3;4.55
45.416667;4.233333
45.383333;4.3
0;0
45.316667;4.366667
45.4;4.366667
45.4;4.316667
46.1;3.9
45.883333;4.033333
46;3.9
46.15;4.083333
45.85;3.833333
46.15;3.9
45.941667;3.8
46;3.983333
46.083333;4.066667
46.133333;4.016667
46.033333;4.033333
45.85;4.133333
45.883333;4.083333
46.133333;4.283333
46.166667;4.416667
45.7;4.183333
46.15;4.216667
45.916667;4.283333
46.033333;4.266667
46;4.066667
45.95;4.066667
45.8;4.3
45.916667;4.233333
0;0
46.183333;4.25
45.666667;4.2
46;4.183333
45.8;4.283333
45.866667;4.183333
45.6;4.366667
45.85;4.35
45.416667;4.133333
45.8;3.95
0;0
45.383333;4
45.583333;4.016667
45.516667;4.116667
45.85;3.783333
45.7;3.85
45.45;4.233333
45.633333;4
45.783333;3.816667
45.75;3.916667
45.583333;4.25
45.7;3.933333
45.55;4.1
45.483333;4.166667
45.533333;4.166667
44.883333;3.966667
45.083333;4.166667
44.983333;3.95
45.366667;4.2
45.3;4.1
0;0
45.25;4.1
45.316667;3.983333
45.025;4.175
44.95;4.25
45.133333;4.233333
45.216667;4.333333
45.333333;4.2
45.283333;4.25
45.05;4.3
45,04;3,89
45.233333;4.183333
45.05;4.233333
0;0
45.333333;4.25
45.2;4.033333
44.983333;4.133333
45.333333;4.316667
45.233333;4.283333
45.35;3.466667
45.2;3.7
44.9;3.683333
45.158333;3.308333
44.866667;3.916667
45;3.416667
45.383333;3.383333
45.016667;3.766667
44.833333;3.9
45.216667;3.816667
45.283333;3.6
45.333333;3.316667
44.916667;3.8
45.066667;3.9
45.383333;3.233333
45.35;3.5
44.866667;3.5
45.066667;3.733333
45.216667;3.55
45.383333;3.316667
0;0
45.016667;3.866667
47.216667;-1.55
47.266667;-1.616667
47.266667;-1.666667
47.283333;-1.883333
47.216667;-1.733333
0;0
47.216667;-1.65
47.15;-1.7
47.183333;-1.616667
47.116667;-1.583333
47.2;-1.566667
47.133333;-1.733333
47.216667;-1.5
47.366667;-1.166667
47.466667;-1.033333
47.533333;-1.233333
47.3;-1.5
47.4;-1.283333
0;0
47.5;-1.416667
47.3;-1.55
47.433333;-1.133333
47.316667;-1.35
0;0
47.25;-1.5
47.583333;-1.066667
47.55;-1.533333
47.483333;-1.75
47.383333;-1.55
47.716667;-1.383333
47.616667;-1.75
47.666667;-1.666667
47.8;-1.416667
47.6;-1.333333
47.416667;-1.65
47.683333;-1.183333
47.433333;-2.383333
47.65;-1.983333
47.283333;-2.483333
47.4;-2.083333
47.466667;-2.066667
47.333333;-2.433333
47.3;-2.366667
47.35;-2.516667
47.3;-2.516667
47.266667;-2.433333
47.483333;-2.166667
47.533333;-1.883333
47.25;-2.35
47.316667;-2.316667
47.383333;-2.2
47.316667;-1.916667
47.416667;-1.966667
47.3;-2.066667
47.333333;-2.15
47.283333;-2.2
47.316667;-2.183333
47.116667;-1.95
47.05;-1.95
47.183333;-1.816667
47.116667;-1.916667
0;0
47.283333;-2.05
47.083333;-2.033333
47.1;-1.616667
46.983333;-1.6
47;-1.733333
47.183333;-1.683333
47.133333;-2.166667
47.116667;-2.1
47.25;-2.166667
47.183333;-2.15
47.066667;-1.4
47.283333;-1.283333
47.216667;-1.433333
47.05;-1.183333
0;0
0;0
47.183333;-1.333333
47.15;-1.533333
47.166667;-1.483333
46.966667;-1.433333
47.783333;1.866667
47.816667;1.666667
47.783333;1.633333
47.816667;1.75
47.716667;1.933333
47.766667;1.683333
47.916667;1.9
47.833333;1.966667
47.883333;1.95
47.9;1.916667
47.883333;1.866667
48.083333;1.883333
47.983333;1.783333
48;1.783333
47.983333;1.883333
47.883333;1.766667
47.95;1.883333
47.933333;2.016667
47.8;2.383333
47.866667;2.05
47.633333;2.366667
47.866667;2.233333
47.916667;2.4
47.9;1.983333
47.95;2.3
47.766667;2.516667
47.866667;2.1
47.916667;2.1
47.8;2.283333
47.8;2.25
47.816667;2.3
47.866667;2.116667
47.85;2.033333
47.933333;1.95
47.766667;2.8
0;0
0;0
0;0
48.133333;2.983333
47.54268;2.816667
47.783333;2.716667
47.683333;2.9
48.05;2.733333
47.5414;2.666667
48.05;2.966667
47.933333;2.933333
47.966667;2.633333
47.616667;2.5
48.266667;2.016667
48.1;2
48.116667;2.25
48.25;2.433333
48.2;2.383333
47.966667;2.5
48.116667;2.466667
48.066667;2.55
48.15;2.766667
48;2.083333
44.466667;1.233333
44.783333;1.416667
44.45;1.516667
44.35;1.683333
0;0
44.65;1.516667
44.566667;1.716667
44.533333;1.4
44.433333;1.433333
44.8;1.55
44.55;1.15
0;0
0;0
44.666667;1.4
44.566667;1.533333
44.666667;1.316667
44.483333;1.183333
44.866667;1.433333
44.766667;1.816667
44.733333;1.916667
44.666667;1.883333
44.85;1.833333
0;0
44.916667;1.566667
44.333333;1.8
44.583333;1.966667
44.883333;1.883333
44.8;2.15
44.95;1.733333
44.483333;1.883333
44.916667;2.066667
44.2;0.633333
44.1;0.266667
44.066667;0.666667
44.133333;0.583333
0;0
44.166667;0.283333
44.166667;0.633333
44.183333;0.683333
44.216667;0.416667
44.133333;0.433333
0;0
44.216667;0.566667
44.233333;0.666667
44.133333;0.666667
44.2;0.616667
44.483333;0.333333
44.65;0.366667
44.3;0.35
44.2;-0.05
44.216667;0.233333
44.35;0.016667
44.383333;0.1
44.65;0.233333
44.533333;0.166667
44.616667;0.416667
44.333333;0.4
44.45;0.433333
44.366667;0.233333
44.433333;0.25
44.283333;0.466667
44.4;0.616667
44.383333;0.95
44.35;0.816667
44.5;0.583333
44.266667;0.883333
44.416667;0.683333
44.6;0.966667
44.616667;0.666667
44.666667;0.55
44.45;0.616667
44.3;0.8
44.566667;0.9
0;0
44.533333;3.666667
44.466667;3.866667
44.65;3.616667
44.75;3.733333
44.533333;3.55
44.25;3.65
44.716667;3.75
44.666667;3.416667
44.383333;3.7
44.183333;3.733333
44.366667;3.533333
44.616667;3.383333
44.3;3.316667
44.25;3.916667
44.266667;3.816667
0;0
44.216667;3.8
44.866667;3.15
44.883333;3.266667
44.716667;3.283333
44.433333;3.2
44.466667;3.333333
44.916667;3.25
44.2;3.483333
44.733333;3.05
44.833333;3.433333
44.516667;3.116667
44.7;3.133333
47.466667;-0.55
47.566667;-0.5
47.7;-0.45
47.666667;-0.65
47.75;-0.433333
47.616667;-0.566667
47.5;-0.433333
47.616667;-0.4
47.533333;-0.433333
47.516667;-0.466667
47.45;-0.4
0;0
47.35;-0.766667
47.216667;-0.716667
47.383333;-0.6
47.4;-0.483333
47.416667;-0.516667
0;0
0;0
47.516667;0.05
47.633333;-0.35
47.541667;-0.1
47.366667;-0.033333
47.383333;0.15
0;0
47.35;-0.033333
47.266667;-0.083333
47.233333;0.05
47.266667;-0.35
0;0
0;0
47.316667;-0.583333
47.183333;-0.483333
47.266667;-0.583333
47.083333;-0.416667
47.133333;-0.65
0;0
47.066667;-0.616667
0;0
47.1;-0.683333
47.066667;-0.883333
47.116667;-1.05
47.066667;-1.016667
47.066667;-0.933333
47.016667;-1.066667
47.1;-1.116667
47.033333;-1.116667
47.166667;-0.966667
47.466667;-0.633333
47.316667;-0.916667
47.15;-0.933333
47.383333;-0.65
47.3;-1
47.416667;-0.6
47.333333;-1.116667
47.333333;-1.266667
47.2;-0.866667
47.35;-0.85
47.383333;-0.866667
47.716667;-1.133333
47.7;-0.783333
47.5;-0.583333
47.5;-0.8
47.733333;-0.966667
49.116667;-1.1
49.216667;-1.083333
49.15;-1.183333
49.3;-1.316667
49.083333;-1.066667
48.966667;-1.133333
49.15;-0.933333
48.85;-1.15
49.083333;-0.883333
49.083333;-1.166667
49.066667;-1.233333
49.05;-1.033333
0;0
49.183333;-1.116667
49.016667;-1.1
48.75;-1.5
48.5;-1.4
48.533333;-1.483333
48.683333;-1.366667
48.6;-0.833333
48.833333;-1.366667
48.733333;-0.95
48.683333;-0.966667
48.616667;-0.916667
48.75;-1.266667
48.733333;-1.166667
48.516667;-0.966667
48.75;-1.55
48.633333;-1.383333
48.616667;-1.05
48.783333;-1.1
48.683333;-0.8
48.55;-1.216667
48.616667;-1.166667
0;0
49.041667;-1.575
49.1;-1.483333
0;0
49.25;-1.55
49.116667;-1.583333
48.966667;-1.533333
49.033333;-1.366667
48.9;-1.516667
48.916667;-1.433333
49.2;-1.566667
48.85;-1.566667
49.15;-1.316667
48.916667;-1.35
48.983333;-1.533333
49.133333;-1.45
0;0
49.183333;-1.583333
48.8;-1.5
49.608333;-1.75
49.416667;-1.383333
49.633333;-1.283333
49.533333;-1.316667
49.466667;-1.316667
0;0
49.533333;-1.783333
49.366667;-1.633333
49.35;-1.366667
49.533333;-1.683333
49.55;-1.583333
49.35;-1.633333
49.616667;-1.716667
49.6;-1.266667
49.633333;-1.716667
0;0
49.633333;-1.4
49.65;-1.65
0;0
49.683333;-1.45
49.6;-1.566667
49.216667;3.983333
49.233333;3.95
49.25;4.033333
49.183333;3.733333
49.166667;4.333333
49.166667;4.183333
49.2;3.883333
49.333333;3.833333
49.166667;3.966667
49.216667;4.05
49.333333;3.9
49.1;4.183333
0;0
0;0
49.25;4.216667
49.266667;4.15
49.283333;4.05
49.033333;4.216667
49.066667;4.85
48.95;5
48.958333;4.366667
48.9;4.433333
48.933333;4.35
48.983333;4.516667
49.033333;4.316667
48.916667;4.433333
0;0
48.8;4.883333
48.633333;4.833333
48.666667;3.883333
48.966667;4.016667
48.833333;4.7
48.883333;4
48.766667;4.783333
48.583333;4.4
49;3.883333
48.683333;4.883333
48.616667;3.75
49.15;3.733333
49.066667;4.05
48.866667;3.733333
49.116667;3.85
48.866667;3.583333
0;0
48.116667;5.35
48.016667;5.716667
48.1;4.9
47.916667;5.516667
47.833333;5.666667
47.766667;5.233333
47.85;5.016667
47.95;5
48.116667;5.516667
47.733333;5.183333
47.816667;5.383333
47.9;5.25
48.183333;5.55
48.15;5.133333
47.866667;5.483333
47.966667;5.433333
48.116667;4.866667
48.2;5.45
48.033333;5.216667
48.45;5.283333
48.566667;4.883333
48.316667;5.016667
48.2;5.083333
48.466667;5.133333
0;0
48.183333;5
48.466667;4.766667
0;0
48.6;5.05
0;0
0;0
48.016667;-0.883333
48.083333;-0.65
48.15;-0.316667
47.966667;-0.85
48.333333;-0.216667
48.25;-0.366667
48.066667;-0.7
0;0
48.15;-0.516667
48.166667;-0.65
48;-0.716667
48.133333;-0.683333
48.066667;-0.766667
48.016667;-0.766667
48.166667;-0.733333
48.45;-0.2
48.45;-0.066667
48.4;-0.266667
47.816667;-0.816667
47.783333;-0.583333
47.983333;-0.566667
47.883333;-0.95
47.933333;-0.416667
47.9;-1.05
48.016667;-1
48.05;-0.333333
47.816667;-1
48.166667;-1.066667
47.966667;-1.116667
47.916667;-0.733333
47.833333;-1.183333
48.033333;-0.516667
0;0
48.3;-0.55
48.4;-0.8
48.233333;-0.866667
48.366667;-0.516667
48.1;-0.8
48.316667;-0.75
48.466667;-0.866667
48.3;-0.933333
48.233333;-1.033333
0;0
0;0
48.733333;6.233333
48.75;6.166667
48.783333;6.35
48.8;6.15
48.75;6.233333
48.716667;6.2
48.683333;6.2
48.733333;6.533333
48.65;6.266667
48.683333;6.35
48.7;6.316667
48.716667;6.216667
48.7;6.233333
48.633333;6.216667
48.65;6.2
48.666667;6.216667
48.65;6.233333
48.65;6.183333
48.733333;6.166667
48.766667;6.133333
48.683333;6.15
48.8;6.083333
48.716667;6.166667
48.766667;6.116667
48.8;6.05
48.666667;6.15
48.633333;6.783333
48.516667;6.95
48.583333;6.233333
48.483333;6.7
48.45;6.75
48.55;6.35
48.483333;6.316667
48.6;6.983333
48.633333;6.516667
48.433333;6.466667
48.566667;6.183333
48.55;6.6
48.45;6.566667
48.483333;6.566667
48.358333;5.966667
48.466667;6.166667
48.733333;6
48.55;5.916667
48.55;5.816667
48.766667;5.883333
48.816667;5.833333
0;0
48.766667;5.933333
48.583333;6.083333
48.6;5.833333
48.366667;6.1
48.533333;6.166667
48.633333;6.083333
48.433333;6.066667
48.65;5.816667
48.716667;5.983333
48.683333;5.783333
48.6;6.15
48.433333;6.1
48.933333;5.983333
48.583333;6.033333
48.566667;6.1
48.9;6.25
49.2;5.85
49.266667;5.866667
48.816667;6.3
49;6.033333
49.216667;5.983333
49.166667;5.966667
49.016667;5.983333
48.816667;6.1
49.166667;5.916667
49.233333;5.983333
48.85;6.233333
49.233333;6.016667
49.283333;5.883333
49.233333;5.966667
49.2;5.916667
48.95;6.033333
49.516667;5.566667
49.333333;5.866667
0;0
49.433333;5.766667
49.3;5.9
49.333333;5.85
49.433333;5.883333
49.466667;5.766667
49.483333;5.7
49.516667;5.716667
49.433333;5.916667
0;0
49.483333;5.8
49.516667;5.783333
49.483333;5.866667
49.316667;5.8
49.533333;5.783333
49.383333;5.75
49.5;5.783333
49.533333;5.783333
49.45;5.8
49.5;5.75
49.533333;5.816667
49.466667;5.9
49.333333;5.933333
48.533333;5.5
0;0
48.8;4.95
48.85;5.633333
49.033333;5.133333
48.783333;5.166667
48.833333;5.383333
49.033333;5.066667
48.966667;5.833333
48.566667;5.35
48.8;5.566667
48.65;5.516667
48.65;5.416667
48.466667;5.716667
49.033333;5.2
49.066667;5.783333
48.716667;5.283333
0;0
49.366667;5.116667
49.266667;5.65
49.066667;5.416667
49.566667;5.116667
49.566667;5.4
49.2;5.15
49.3;5.466667
49.133333;5.4
49.183333;5.383333
49.283333;5.75
49.166667;5.35
47.55;-2.566667
47.633333;-2.833333
47.55;-2.9
47.616667;-2.916667
47.483333;-2.4
47.516667;-2.583333
0;0
0;0
47.583333;-2.7
47.516667;-2.65
47.483333;-2.483333
47.65;-2.883333
47.683333;-2.75
47.5;-2.833333
47.616667;-2.75
47.666667;-2.75
47.666667;-2.983333
47.316667;-3.189
47.683333;-3.166667
47.85;-3
47.583333;-3.083333
47.616667;-3.008333
47.633333;-3.15
47.683333;-3.35
47.333333;-2.883333
47.766667;-3.233333
47.75;-3.066667
47.583333;-3.033333
47.566667;-2.95
47.716667;-3.35
0;0
47.716667;-3.316667
47.516667;-3.133333
47.866667;-3.016667
0;0
47.883333;-2.766667
47.866667;-2.633333
47.783333;-2.95
0;0
48.133333;-2.866667
47.733333;-2.583333
47.95;-2.65
48.05;-2.983333
47.966667;-2.966667
47.85;-2.716667
47.633333;-2.166667
47.916667;-2.283333
47.966667;-2.166667
47.633333;-2.516667
47.783333;-2.433333
48.116667;-2.383333
47.633333;-2.283333
47.816667;-2.133333
47.75;-2.1
48.083333;-2.416667
0;0
47.633333;-3.466667
47.75;-3.35
47.7;-3.383333
47.75;-3.366667
47.733333;-3.433333
48;-3.4
47.816667;-3.333333
0;0
48.116667;-3.083333
48.133333;-3.6
48.066667;-3.2
0;0
48.05;-3.65
0;0
48;-3.316667
48.1;-3.5
47.833333;-3.166667
48;-3.55
48.15;-3.383333
47.783333;-3.416667
49.25;6.166667
49.166667;6.2
49.116667;6.15
49.133333;6.166667
49.216667;6.016667
49.1;6.1
49.216667;6.1
49.25;6.183333
49.05;6.066667
49;6.066667
48.983333;6.283333
49.05;6.25
49.033333;6.383333
49.2;6.25
49.083333;6.283333
49.216667;6.416667
49.2;6.233333
49.166667;6.233333
48.816667;6.35
48.633333;7.1
48.916667;6.583333
48.933333;6.85
48.833333;6.5
48.716667;7.166667
48.65;6.966667
48.766667;6.8
48.7;6.966667
48.866667;6.8
0;0
48.8;7.25
48.733333;6.616667
48.65;7.233333
48.733333;7.233333
48.666667;7.166667
0;0
49.05;7.183333
48.983333;7.516667
49.116667;7.183333
49.133333;7.416667
49.066667;6.966667
48.983333;7.383333
49.15;7.016667
49.066667;7.033333
48.966667;6.933333
49.1;6.983333
48.966667;7.35
0;0
49.166667;6.95
49.133333;6.833333
49.116667;6.933333
49.15;6.9
49.1;6.8
49.2;6.833333
49.216667;6.916667
49;6.616667
49.033333;6.816667
49.083333;6.733333
49.1;6.583333
49.166667;6.716667
49.183333;6.666667
49.183333;6.616667
49.116667;6.633333
49.1;6.7
49.266667;6.35
49.283333;6.55
49.266667;6.15
49.3;6.183333
49.266667;6.65
0;0
49.3;6.116667
49.316667;6.283333
49.283333;6.166667
49.45;6.366667
49.483333;6.2
49.416667;6.1
49.366667;6.183333
49.35;6.15
49.35;6.05
49.466667;5.95
49.416667;5.933333
49.333333;6.116667
49.35;6
49.266667;6.133333
49.333333;6.05
49.25;6.033333
49.316667;6.016667
49.433333;6.033333
49.266667;6.066667
46.966667;3.5
46.783333;3.233333
46.866667;3.333333
46.95;3.15
47;3.183333
46.916667;3.583333
46.95;3.083333
46.883333;3.466667
46.983333;3.1
47.016667;3.283333
46.833333;3.45
46.85;3.183333
47.45;3.066667
47.533333;2.933333
47.25;3.233333
47.55;2.983333
47.233333;3.416667
47.25;3.033333
47.333333;3.2
47.283333;3.35
47.433333;3.4
47.45;3.25
47.016667;3.083333
47.266667;3.066667
0;0
47.466667;2.933333
0;0
47.116667;3.666667
47.2;4.166667
47.383333;3.583333
47.3;3.733333
47.05;4.016667
47.466667;3.55
47.316667;3.55
46.816667;3.866667
47.116667;3.816667
47.066667;3.416667
47.266667;3.933333
47.416667;3.6
46.716667;3.35
46.816667;3.716667
0;0
0;0
46.7;3.466667
46.916667;3.85
50.583333;3.066667
50.633333;3.066667
50.616667;3.116667
50.6;3.1
50.683333;3.141667
50.65;3.066667
0;0
50.766667;3.016667
50.733333;2.95
50.65;3.033333
50.666667;3
0;0
0;0
50.683333;3
50.683333;3.05
50.766667;3.05
50.533333;2.95
50.533333;2.933333
50.516667;2.883333
50.516667;2.983333
50.533333;2.983333
50.55;2.916667
50.6;3
50.566667;3
50.583333;3.116667
50.616667;3.016667
50.583333;3.016667
50.516667;2.916667
50.6;2.95
50.55;3.033333
50.566667;3.05
50.566667;2.916667
50.483333;3.283333
50.6;3.2
50.516667;3.05
50.533333;3.083333
50.55;3.266667
50.6;3.25
50.483333;3.15
50.516667;3.166667
50.633333;3.183333
50.55;3.133333
50.5;3.05
50.45;3.083333
0;0
50.45;3.033333
0;0
50.583333;3.166667
50.483333;3.033333
50.683333;3.25
50.7;3.166667
50.7;3.216667
50.666667;3.15
50.666667;3.15
50.7;3.1
50.666667;3.083333
50.7;3.133333
50.716667;3.15
50.766667;3.083333
50.783333;3.133333
50.733333;3.083333
50.75;3.15
50.75;3.116667
50.683333;2.883333
50.6;2.833333
50.6;2.916667
50.65;2.966667
50.683333;2.85
50.716667;2.933333
50.533333;2.866667
50.7;2.916667
50.566667;2.833333
50.683333;2.9
50.55;2.866667
50.55;2.9
51;2.35
50.966667;2.233333
51.05;2.366667
51.033333;2.3
51.016667;2.283333
51;2.108333
50.983333;2.125
51;2.416667
51.033333;2.4
51.033333;2.466667
51.016667;2.433333
50.833333;2.416667
50.9;2.55
50.783333;2.466667
50.8;2.7
50.95;2.2
51.083333;2.516667
50.783333;2.6
51.05;2.533333
50.8;2.65
50.85;2.2
50.983333;2.583333
50.983333;2.45
50.933333;2.333333
50.7;2.4
50.666667;2.45
50.733333;2.583333
50.633333;2.716667
50.633333;2.533333
50.633333;2.7
50.633333;2.633333
50.7;2.833333
50.7;2.783333
50.7;2.633333
50.4;3.15
50.333333;3.25
50.333333;3.233333
50.416667;3.05
50.433333;3.25
50.366667;3.25
50.35;3.116667
50.35;3.216667
50.366667;3.316667
50.366667;3.3
0;0
50.35;3.15
50.383333;3.166667
50.35;3.166667
50.383333;3.216667
50.416667;3.083333
50.283333;3.1
50.266667;3.166667
50.3;3.116667
50.35;3.05
50.383333;3.05
50.366667;3.066667
50.266667;3.216667
50.4;3.05
50.283333;3.2
50.266667;3.033333
50.283333;3.25
50.366667;3.116667
50.383333;3.116667
50.15;3.116667
50.066667;3.2
50.233333;3.233333
50.083333;3.45
50.133333;3.016667
50.033333;3.466667
50.183333;3.3
50.15;3.166667
50.133333;3.416667
50.083333;3.366667
50.083333;3.4
50.1;3.25
50.05;3.316667
50.25;3.283333
50.05;3.15
50.233333;3.316667
50.116667;3.183333
50.05;3.416667
50.116667;3.216667
50.133333;3.216667
50.033333;3.15
50.033333;3.3
50.333333;3.3
50.3;3.55
0;0
50.25;3.383333
50.283333;3.316667
50.333333;3.383333
50.3;3.383333
50.333333;3.35
50.25;3.416667
50.316667;3.433333
50.35;3.4
50.35;3.45
50.35;3.483333
50.316667;3.35
50.3;3.483333
50.3;3.3
50.283333;3.466667
0;0
50.316667;3.483333
50.266667;3.483333
50.366667;3.5
0;0
50.366667;3.433333
50.383333;3.5
50.433333;3.35
50.383333;3.533333
50.466667;3.5
50.483333;3.466667
50.416667;3.566667
0;0
50.433333;3.583333
50.466667;3.4
50.383333;3.483333
50.45;3.583333
50.416667;3.65
50.333333;3.6
50.35;3.55
50.383333;3.6
50.383333;3.616667
50.383333;3.666667
50.366667;3.55
50.483333;3.333333
50.2;3.833333
50.2;3.383333
50.216667;3.866667
50.1;3.583333
50.233333;3.583333
50.166667;3.55
50.133333;3.383333
50.2;3.816667
50.25;3.533333
50.15;3.383333
50.316667;3.683333
50.216667;3.483333
50.2;3.583333
50.15;3.8
50.166667;3.416667
50.2;3.35
50.216667;3.416667
0;0
50.15;3.466667
50.283333;4.016667
50.283333;3.816667
50.283333;4.05
50.266667;4.033333
50.3;3.916667
50.3;4.1
50.266667;3.966667
50.3;4.083333
50.283333;4.05
50.266667;4
50.233333;4.1
50;4.1
50.116667;3.95
50.066667;4.183333
50.216667;3.966667
50.183333;4.116667
50.166667;4.016667
50.15;3.616667
50.1;3.85
50.05;3.933333
50.033333;4.016667
50.166667;3.65
50.066667;4
50.016667;4
49.516667;2.166667
49.566667;1.95
49.5;2.5
49.566667;2.4
49.583333;2.116667
49.4;2.233333
49.433333;2.083333
49.55;2.05
49.483333;2.15
49.516667;1.966667
49.433333;2.55
49.55;2.55
49.6;1.95
49.466667;1.966667
49.7;1.766667
49.366667;2.15
49.366667;2
49.283333;1.966667
49.55;1.733333
49.366667;2.233333
49.333333;1.85
49.3;2.25
49.433333;1.833333
49.65;1.85
49.3;2.15
49.316667;2.1
49.383333;2.2
49.333333;2.25
49.416667;2
49.2;2.116667
49.233333;2.216667
0;0
49.166667;2.35
49.166667;2.25
49.266667;2.366667
49.266667;2.483333
49.216667;2.316667
49.2;2.05
49.233333;2.033333
49.266667;2.433333
49.266667;2.066667
49.216667;2.416667
49.233333;2.083333
49.1;2.966667
49.233333;2.516667
49.166667;3.066667
49.216667;2.666667
49.3;2.583333
49.166667;2.866667
49.2;3.05
49.2;2.466667
49.15;2.466667
49.133333;2.7
49.083333;2.7
49.216667;2.766667
49.216667;2.95
49.183333;2.416667
49.133333;2.533333
49.15;2.433333
49.116667;2.6
49.133333;2.516667
49.3;2.7
49.216667;2.45
49.283333;2.516667
49.383333;2.766667
49.416667;3.05
49.283333;2.883333
49.3;2.816667
49.283333;3
49.383333;2.7
49.35;2.683333
49.416667;2.833333
49.283333;2.916667
49.35;2.783333
49.35;2.716667
49.483333;3.1
49.416667;2.95
49.433333;2.983333
49.65;2.833333
49.5;2.75
49.466667;2.75
49.633333;3.1
49.533333;2.65
49.5;2.85
0;0
49.433333;2.883333
49.533333;2.816667
49.433333;2.816667
49.383333;2.383333
49.316667;2.5
49.35;2.45
49.3;2.55
49.333333;2.4
49.266667;2.466667
48.433333;0.083333
48.516667;-0.366667
48.55;0.3
48.533333;-0.616667
48.566667;-0.416667
48.616667;-0.316667
48.65;0.333333
48.566667;0.4
48.566667;-0.15
48.5;-0.616667
48.466667;0.05
48.683333;0.25
48.466667;-0.816667
48.683333;-0.633333
0;0
48.35;0.566667
0;0
48.85;0.233333
48.566667;0.666667
48.933333;0.333333
48.55;0.466667
48.416667;0.5
48.416667;0.766667
48.35;0.75
48.5;0.75
48.65;0.533333
48.225;0.75
48.75;0.75
48.833333;0.333333
48.466667;0.6
48.733333;0.383333
48.7;0.116667
48.75;-0.016667
0;0
48.8;0.083333
48.783333;-0.55
48.8;0.216667
48.666667;-0.1
48.666667;-0.55
48.816667;-0.233333
48.683333;-0.716667
48.7;-0.45
48.733333;-0.5
48.85;-0.55
50.15;2.733333
50.266667;2.766667
50.133333;2.783333
50.3;2.666667
50.133333;2.4
50.283333;2.783333
50.283333;2.533333
50.1;2.833333
50.216667;2.616667
50.066667;2.933333
50.233333;2.566667
50.166667;2.616667
50.216667;2.716667
50.216667;2.816667
50.2;2.75
50.283333;2.366667
50.3;2.883333
50.283333;2.85
50.333333;2.633333
50.15;2.85
50.383333;2.716667
50.383333;2.883333
50.366667;2.866667
50.216667;3.05
50.3;3.05
50.266667;2.95
50.333333;3.016667
50.216667;3
50.333333;3.05
0;0
50.35;2.6
50.583333;2
50.733333;1.8
50.75;2
50.466667;2.183333
50.316667;2.466667
50.45;2.25
50.4;2.1
50.516667;2.4
50.416667;2.483333
50.366667;2.233333
50.633333;1.916667
50.55;1.8
50.75;2.1
50.616667;2.2
50.433333;2.45
50.483333;1.966667
50.45;2.05
50.716667;2.216667
50.566667;2.033333
50.716667;2.2
50.433333;1.666667
50.3;2.183333
0;0
50.383333;1.833333
50.566667;1.616667
50.566667;1.733333
50.483333;1.616667
50.516667;1.583333
50.45;1.616667
50.716667;1.683333
50.716667;1.616667
50.65;1.7
50.583333;1.6
50.683333;1.566667
50.7;1.566667
50.616667;1.65
50.7;1.583333
50.716667;1.633333
50.8;1.6
50.866667;1.916667
50.866667;1.7
50.85;1.6
50.766667;1.833333
50.95;1.833333
50.75;1.733333
50.933333;1.8
50.916667;1.816667
50.8;1.766667
50.766667;1.616667
50.85;1.983333
50.783333;1.983333
50.883333;2.083333
50.8;2.116667
50.916667;1.883333
50.9;1.933333
50.983333;2.05
50.933333;2.1
50.633333;2.4
50.733333;2.283333
50.533333;2.233333
50.716667;2.266667
0;0
50.533333;2.5
50.533333;2.616667
50.55;2.366667
50.533333;2.633333
50.533333;2.566667
50.616667;2.483333
50.516667;2.566667
50.583333;2.716667
50.5;2.633333
50.533333;2.4
50.45;2.616667
0;0
50.533333;2.466667
50.483333;2.483333
50.516667;2.583333
50.466667;2.583333
50.5;2.6
50.516667;2.5
50.5;2.716667
50.516667;2.783333
50.483333;2.833333
50.516667;2.683333
50.483333;2.966667
50.65;2.833333
50.5;2.7
50.483333;3.016667
50.483333;2.666667
50.483333;2.716667
50.466667;2.866667
50.416667;2.7
50.416667;2.75
50.4;2.833333
50.416667;2.666667
50.416667;2.816667
0;0
50.416667;2.766667
50.466667;2.7
50.4;2.866667
50.45;2.683333
50.416667;2.9
50.433333;2.916667
50.45;2.9
50.433333;2.866667
50.45;2.783333
50.433333;2.866667
50.416667;2.866667
50.416667;3.016667
50.45;2.933333
50.433333;2.983333
50.433333;3.033333
50.416667;2.933333
50.433333;3.066667
50.433333;2.933333
50.416667;2.983333
50.466667;2.983333
45.8;3.166667
45.833333;3.083333
45.833333;3.1
45.783333;3.083333
45.833333;3.15
45.833333;3.066667
45.75;3.116667
45.816667;3.3
45.716667;3.35
45.783333;3.433333
45.783333;3.316667
45.65;3.516667
45.75;3.283333
45.75;3.216667
45.766667;3.233333
45.766667;3.216667
0;0
45.75;3.233333
45.733333;3.1
45.666667;3.583333
45.683333;2.916667
45.666667;2.983333
45.75;3.1
45.65;2.566667
45.7;2.666667
45.733333;3.066667
45.783333;3.066667
45.683333;3.1
45.8;3.05
45.766667;2.766667
45.75;2.566667
45.583333;2.75
45.6;2.95
45.783333;2.866667
45.616667;2.55
0;0
45.783333;3.016667
45.766667;3.05
45.5;3.183333
45.333333;3.05
45.566667;3.316667
45.633333;3.2
45.45;3.316667
45.6;2.6
45.5;2.633333
0;0
45.683333;3.25
45.583333;3.183333
45.566667;2.9
45.516667;3.466667
45.516667;2.75
45.616667;3.216667
0;0
45.566667;3.433333
45.7;3.133333
45.466667;2.783333
45.6;2.683333
45.683333;3.166667
45.516667;3.533333
45.55;3.75
45.9;3.7
45.416667;3.733333
45.75;3.616667
0;0
45.616667;3.683333
45.9;3.383333
45.95;3.433333
45.883333;3.483333
45.45;3.883333
45.416667;3.55
45.6;3.666667
45.616667;3.75
45.466667;3.94464
45.866667;3.6
45.716667;3.716667
45.483333;3.733333
45.9;3.633333
45.816667;3.516667
46.016667;3.2
46.2;2.75
46;3.133333
46.05;2.9
46.016667;3.3
46;2.683333
46.033333;2.95
46.066667;2.633333
45.95;3.133333
45.866667;3.233333
0;0
45.85;3.1
45.916667;3.066667
45.833333;2.633333
45.816667;2.45
45.916667;2.8
46.1;2.9
45.966667;2.85
43.333333;-0.5
43.3;-0.4
43.283333;-0.366667
43.25;-0.316667
43.3;-0.366667
43.283333;-0.083333
43.383333;-0.166667
43.3;-0.233333
43.283333;-0.316667
0;0
43.216667;-0.133333
43.366667;-0.35
43.4;-0.616667
43.35;-0.566667
43.4;-0.133333
43.45;-0.683333
43.45;-0.35
43.55;-0.533333
43.45;-0.533333
43.4;-0.55
43.266667;-0.483333
43.566667;-0.133333
43.466667;-1
43.416667;-0.983333
42.983333;-0.6
43.166667;-0.616667
43.15;-1.166667
0;0
43.266667;-0.933333
0;0
43.1;-1.433333
43.15;-0.7
43.3;-0.816667
43.3;-1.166667
43.116667;-0.433333
0;0
43;-0.416667
43.266667;-1.35
43.366667;-1.266667
43.133333;-0.466667
43.183333;-0.533333
43.016667;-0.95
43.483333;-1.533333
43.483333;-1.2
43.483333;-1.483333
43.533333;-1.5
43.483333;-1.383333
43.4;-1.566667
43.3;-1.5
43.433333;-1.516667
43.35;-1.616667
43.333333;-1.741667
43.383333;-1.666667
43.366667;-1.416667
43.358333;-1.7
0;0
43.183333;0.116667
42.883333;0.333333
43.066667;0.483333
43.2;0.15
43;0.583333
43.333333;0.283333
43.116667;0.133333
42.791667;0.225
43.283333;0.533333
42.816667;0.416667
43.183333;0.516667
43.033333;0.283333
43.066667;0.55
43.033333;0.383333
43.033333;0.166667
43.15;0.333333
42.95;0.383333
43.2;0.383333
42.883333;0.4
43.15;0.383333
43.3;0.266667
43.233333;0.133333
42.966667;-0.083333
43.133333;-0.033333
43.033333;-0.066667
43;-0.283333
43.133333;-
42.9;0.066667
42.883333;-0.116667
43.283333;-0.116667
43.2;0.083333
43.2;0.016667
43.1;-0.116667
43.2;0.1
43.233333;0.083333
43.316667;0.066667
43.433333;0.116667
43.4;0.083333
43.25;0.1
43.5;0.083333
43.3;0.083333
43.233333;-
43.283333;0.033333
42.733333;2.933333
42.683333;2.933333
42.65;2.833333
42.683333;2.883333
42.633333;2.866667
42.666667;2.833333
42.633333;2.983333
42.766667;2.516667
42.666667;2.483333
42.7;2.833333
42.75;2.816667
42.716667;2.6
42.766667;2.75
42.716667;2.45
42,71;3,01
42.75;2.95
42.766667;2.7
42.783333;3.033333
42.816667;2.6
42.75;2.916667
42.616667;3
0;0
42.7;2.85
42.783333;2.966667
42.766667;2.983333
42.65;2.95
42.75;2.983333
42.716667;2.533333
0;0
42.7;2.8
0;0
0;0
42.5;2.083333
42.65;2.366667
42.533333;2.4
42.7;2.733333
42.5;2.016667
42.433333;2.016667
42.683333;2.8
42.7;2.7
42.416667;1.983333
42.7;2.766667
42.466667;2.666667
42.55;3.016667
42.45;2.633333
0;0
42.566667;2.866667
42.483333;3.133333
42.566667;2.9
42.55;2.683333
42.45;3.166667
42.516667;3.083333
42.366667;2.65
42.483333;2.9
42.366667;2.516667
42.516667;2.933333
42.516667;2.833333
42.583333;2.933333
42.566667;2.966667
42.516667;3.116667
42.633333;2.916667
48.583333;7.75
48.616667;7.75
48.6;7.75
48.583333;7.633333
48.683333;7.666667
48.5;7.6
48.583333;7.6
48.633333;7.566667
48.533333;7.583333
48.683333;7.566667
48.583333;7.683333
48.533333;7.633333
48.483333;7.716667
48.483333;7.683333
48.516667;7.65
48.566667;7.6
48.55;7.633333
48.5;7.566667
48.65;7.533333
48.65;7.7
48.566667;7.683333
48.616667;7.7
48.616667;7.7
48.616667;7.683333
48.583333;7.633333
48.583333;7.55
48.55;7.716667
48.466667;7.716667
48.65;7.75
48.633333;7.733333
48.583333;7.666667
0;0
48.216667;7.566667
48.233333;7.533333
48.366667;7.6
48.45;7.466667
48.333333;7.416667
48.416667;7.616667
48.333333;7.683333
48.266667;7.4
48.366667;7.45
48.283333;7.416667
48.25;7.6
48.266667;7.583333
48.35;7.316667
0;0
48.483333;7.233333
48.483333;7.483333
48.483333;7.433333
48.35;7.15
48.533333;7.433333
48.55;7.35
48.5;7.45
48.45;7.216667
0;0
48.9;7.2
48.716667;7.466667
48.933333;6.966667
48.666667;7.35
48.9;7.55
48.8;7.516667
48.816667;7.566667
48.966667;7.216667
48.766667;7.35
48.866667;7.366667
48.716667;7.616667
49;7.116667
48.766667;7.416667
48.75;7.633333
48.933333;7.983333
48.866667;8.083333
0;0
48.9;7.8
0;0
49;7.9
49.016667;7.85
49;7.633333
48.9;7.716667
48.9;7.983333
48.97529;8.17583
48.816667;8.016667
48.783333;7.7
48.716667;7.783333
48.766667;7.866667
48.766667;7.983333
48.766667;7.95
48.683333;7.7
48.7;7.883333
48.733333;7.9
48.683333;7.85
48.666667;7.833333
48.816667;7.7
48.833333;7.966667
48;7.566667
48.066667;7.416667
48.116667;7.533333
47.916667;7.533333
48.083333;7.366667
0;0
48.116667;7.383333
48.016667;7.383333
48.116667;7.283333
48.2;7.216667
48.15;7.333333
48.15;7.316667
48.2;7.366667
48.016667;7.1
48.05;7.3
48.016667;7.15
48.166667;7.2
48.183333;7.4
47.916667;7.3
48.1;7.3
48.1;7.283333
48.116667;7.2
48.15;7.166667
48.266667;7.283333
48.133333;7.166667
47.983333;7.216667
48.166667;7.3
48.233333;7.35
48.266667;7.216667
48.066667;7.316667
47.616667;7.116667
47.616667;7.25
47.783333;7.133333
47.483333;7.283333
47.583333;7.283333
47.533333;7.216667
47.833333;7.083333
47.783333;7.066667
47.7;7.066667
47.666667;7.183333
47.533333;7.266667
47.9;6.983333
47.883333;7.066667
0;0
47.566667;7.3
47.75;7.083333
47.6;7.216667
47.933333;6.966667
47.8;7.1
47.866667;7.033333
47.916667;6.983333
47.883333;6.95
47.566667;7.466667
47.633333;7.466667
47.6;7.483333
47.7;7.416667
47.666667;7.416667
47.6;7.583333
47.683333;7.5
47.75;7.366667
47.766667;7.4
47.633333;7.533333
47.583333;7.566667
47.716667;7.316667
47.7;7.216667
47.75;7.266667
47.75;7.333333
47.8;7.366667
47.833333;7.5
47.783333;7.333333
47.8;7.333333
47.766667;7.283333
47.783333;7.3
47.75;7.233333
47.833333;7.366667
47.916667;7.25
47.866667;7.25
47.933333;7.183333
47.716667;7.166667
47.866667;7.35
47.95;7.15
47.916667;7.35
47.85;7.3
47.883333;7.233333
47.816667;7.25
47.816667;7.25
45.816667;4.45
45.85;4.866667
45.8;4.85
45.8;4.783333
45.816667;4.833333
45.766667;4.766667
45.9;4.833333
45.916667;4.783333
45.8;4.816667
45.8;4.8
45.766667;4.883333
45.733333;4.916667
45,82;4,9
45.816667;4.866667
45.783333;4.933333
45.833333;4.4
45.983333;4.333333
45.833333;4.516667
45.916667;4.616667
45.783333;4.55
46.033333;4.3
45.85;4.583333
46.016667;4.5
45.866667;4.783333
46.166667;4.483333
46,1;4,32
45.966667;4.633333
45.816667;4.716667
45.833333;4.766667
46.283333;4.433333
0;0
46.016667;4.7
46.108333;4.75
46.033333;4.65
46.266667;4.65
46.183333;4.666667
46.183333;4.7
46.216667;4.516667
46.066667;4.716667
46.166667;4.683333
45.683333;4.483333
45.666667;4.75
45.716667;4.683333
45.766667;4.366667
45.7;4.75
45.783333;4.733333
45.616667;4.483333
45.733333;4.716667
45.8;4.733333
45.683333;4.533333
45.783333;4.716667
0;0
45.75;4.433333
45.683333;4.8
45.716667;4.633333
45.666667;4.783333
45.483333;4.816667
45.616667;4.933333
45.6;4.733333
45.633333;4.633333
45.6;4.833333
45.616667;4.783333
45.666667;4.95
45.516667;4.85
45.733333;4.766667
45.666667;4.816667
45.733333;4.8
45.716667;4.8
45.7;4.816667
45.733333;4.8
45.766667;4.783333
45.75;4.966667
45.71243;5.1116
45.75;4.966667
45.733333;5
45.8;5.033333
45.683333;5.033333
45.691667;4.933333
45.666667;4.9
45.666667;4.85
45.7;4.866667
45.683333;4.883333
47.566667;5.6
47.45;5.633333
47.583333;6.1
47.45;5.783333
47.666667;5.633333
47.616667;6
0;0
47.266667;5.633333
0;0
47.666667;5.883333
47.583333;5.8
0;0
0;0
47.583333;6.416667
47.783333;6.733333
0;0
47.633333;6.65
47.45;6.266667
0;0
47.7;6.65
47.783333;6.3
0;0
47.916667;6.333333
47.85;6.25
47.933333;6.1
47.833333;6.5
47.8;6.066667
47.733333;6.066667
0;0
47.883333;6.4
46.433333;4.766667
46.4;4.566667
46.366667;4.7
46.366667;4.566667
46.266667;4.766667
46.5;4.866667
46.3;4.783333
46.25;4.783333
46.35;4.8
46.5;4.533333
46.383333;4.85
46.333333;4.833333
46.233333;4.366667
46.316667;4.066667
46.483333;4.283333
0;0
46.616667;3.783333
0;0
0;0
46.233333;3.95
46.483333;3.983333
0;0
46.85;4.683333
47.066667;4.1
46.9;4.416667
47.083333;4.333333
46.883333;4.733333
46.908333;4.208333
46.783333;4.116667
46.933333;4.516667
0;0
46.7;3.866667
46.883333;4.116667
46.8;4.483333
46.8;4.433333
46.866667;4.833333
46.516667;4.683333
46.7;4.383333
0;0
46.6;4.3
46.75;4.533333
46.5;4.183333
46.666667;4.366667
46.6;4.366667
46.666667;4.3
46.783333;4.683333
46.666667;4.866667
46.733333;4.683333
46.783333;4.85
46.783333;4.8
0;0
46.816667;4.95
46.883333;5.3
46.616667;5.1
46.666667;5
46.666667;5.383333
46.816667;4.966667
46.766667;5.333333
46.566667;5.016667
46.483333;5.383333
46.833333;5.2
46.866667;4.933333
46.683333;5.166667
46.55;5.116667
48.066667;0.116667
48.366667;0.183333
48.333333;-
48.2;0.083333
48.066667;-0.066667
48.166667;-0.066667
48.05;0.066667
48;0.2
48.133333;0.1
48;0.416667
47.933333;0.183333
47.966667;0.55
47.933333;0.416667
48.033333;0.333333
47.983333;0.283333
48.05;0.5
48.083333;0.433333
48.116667;0.433333
48.066667;0.35
48.033333;0.233333
48.016667;0.266667
47.683333;0.266667
47.683333;-0.166667
47.766667;0.4
47.7;0.566667
47.833333;0.75
47.833333;0.066667
0;0
47.95;0.75
47.816667;0.566667
47.833333;0.266667
47.733333;-0.233333
47.766667;0.283333
47.966667;0.15
0;0
47.783333;-0.116667
47.883333;-0.233333
47.95;-0.25
47.933333;-0.016667
0;0
0;0
48.233333;0.683333
48.166667;0.233333
48;0.766667
48.083333;0.633333
45.533333;5.816667
45.616667;6.083333
45.7;5.916667
45.783333;5.95
45.566667;5.7
45.566667;5.75
45.566667;5.983333
45.583333;5.933333
45.55;5.683333
45.716667;5.816667
45.683333;5.85
45.8;5.783333
45.433333;5.816667
45.566667;6
0;0
45.666667;5.916667
45.483333;5.766667
45.516667;5.75
45.6;5.883333
45.5;6.5
45.55;6.65
45.683333;6.383333
45.716667;6.575
0;0
45.616667;6.766667
45.45;6.65
45.45;6.566667
45.583333;6.466667
45.75;6.483333
45.8;6.5
45.516667;6.083333
45.616667;6.433333
45.45;6.5
45.583333;6.2
45.75;6.583333
45.45;6.591667
45.433333;6.55
45.383333;6.716667
45.716667;6.466667
45.583333;6.883333
45.433333;6.483333
45.5;6.916667
45.65;6.433333
45.45;6.983333
45.533333;6.3
45.216667;6.35
45.45;6.116667
45.233333;6.75
45.316667;6.991667
45.533333;6.183333
45.366667;6.3
0;0
45.55;5.966667
0;0
45.216667;6.533333
45.2;6.266667
45.165;6.4262
45.883333;6.233333
46;6.116667
45.9;6.116667
45.916667;6.15
0;0
45.966667;6.216667
45.983333;5.816667
45.816667;5.933333
0;0
45.983333;6.05
45.9;6.216667
45.933333;6.1
0;0
45.883333;6.05
45.766667;6.216667
45.833333;6.2
45.9;6.416667
45.95;6.433333
0;0
45.866667;6.033333
46.033333;6.65
46.083333;6.433333
45.916667;6.866667
45.9;6.65
0;0
0;0
0;0
45.833333;6.733333
45.883333;6.8
46.15;6.35
46.1;6.516667
46.066667;6.533333
45.916667;6.683333
46.033333;6.933333
46.066667;6.333333
0;0
46.1;6.216667
46.133333;6.133333
46.15;6.283333
46.116667;6
46.183333;6.216667
46.116667;6.2
46.25;6.333333
46.116667;6.033333
46.283333;6.733333
46.333333;6.466667
0;0
46.366667;6.666667
46.216667;6.416667
0;0
46.283333;6.433333
46.283333;6.833333
46.2;6.666667
46.283333;6.616667
46.1;6.633333
46.15;6.666667
46.2;6.5
46.083333;6.733333
0;0
0;0
0;0
0;0
0;0
0;0
0;0
0;0
0;0
0;0
0;0
49.433333;1.083333
49.4;1.116667
49.433333;1.316667
49.4;1.15
49.466667;1.116667
49.433333;1.25
49.466667;1.133333
49.383333;1.2
49.466667;1.033333
49.466667;1.4
49.466667;1.083333
49.433333;1.033333
49.333333;1.1
49.383333;1.1
49.416667;1.1
49.283333;1.033333
49.316667;1.033333
49.283333;1
49.35;1
49.366667;0.983333
49.416667;1.033333
0;0
49.383333;1
49.466667;0.883333
49.533333;0.633333
49.55;0.95
0;0
49.55;0.8
49.616667;0.966667
49.483333;0.966667
49.45;0.816667
49.516667;1.083333
49.483333;1.016667
49.466667;0.816667
49.483333;1.05
49.516667;0.616667
49.616667;0.483333
49.533333;0.316667
49.516667;0.25
49.5;0.133333
49.466667;0.633333
49.5;0.083333
49.6;0.633333
49.783333;0.516667
49.666667;0.45
49.583333;0.283333
49.716667;0.25
49.6;0.133333
49.75;0.466667
49.733333;0.333333
49.566667;0.216667
49.533333;0.15
49.7;0.816667
49.583333;1.05
0;0
49.833333;0.783333
49.833333;0.583333
0;0
49.833333;1.033333
49.6;1.15
49.85;0.8
49.666667;1.166667
49.65;0.8
49.75;1.083333
49.816667;0.916667
49.866667;0.8
49.866667;1
49.9;1.183333
49.883333;1.133333
49.983333;1.3
49.983333;1.416667
50.016667;1.316667
49.866667;1.2
49.933333;1.083333
50.016667;1.5
50.066667;1.366667
49.883333;0.966667
0;0
49.75;1.266667
49.8;1.666667
0;0
49.766667;1.583333
49.466667;1.666667
49.8;1.416667
49.65;1.533333
49.683333;1.566667
49.533333;1.266667
49.783333;1.233333
0;0
48.516667;2.616667
48.533333;2.566667
0;0
48.566667;2.6
0;0
48.5;2.666667
48.583333;2.566667
48.35;2.566667
48.183333;2.55
48.216667;2.616667
48.4;2.716667
48.233333;2.7
48.25;3.016667
48.466667;2.7
48.333333;2.7
48.15;2.833333
48.2;2.816667
48.25;2.95
48.266667;2.733333
48.4;2.7
48.316667;2.7
48.45;2.766667
48.316667;2.75
48.35;2.516667
48.45;2.75
48.433333;2.766667
48.366667;3.05
48.566667;2.783333
48.4;2.8
48.533333;2.8
0;0
48.466667;2.95
48.35;2.816667
48.45;2.8
48.416667;2.983333
48.55;2.7
48.383333;2.816667
48.4;2.783333
48.733333;3.133333
48.683333;3.35
48.4;3.333333
48.4;3.133333
0;0
48.85;3.316667
0;0
48.7;3.25
48.9;3.266667
48.5;3.15
48.533333;3.45
48.533333;3.316667
48.483333;3.25
48.583333;3.1
48.816667;3.183333
48.466667;3
48.75;2.9
48.816667;2.933333
48.466667;3.25
48.483333;3.283333
48.766667;2.966667
48.466667;3.233333
48.683333;3.433333
48.733333;2.983333
48.683333;3.083333
48.816667;2.833333
48.833333;2.816667
48.883333;2.916667
48.916667;2.933333
48.983333;3.15
48.966667;3.033333
48.966667;3.25
48.9;2.833333
48.883333;2.866667
48.933333;3.133333
48.966667;3.183333
48.933333;2.866667
48.95;2.866667
48.983333;3.016667
49.016667;2.883333
48.95;2.783333
49;2.666667
0;0
49.016667;2.766667
49.05;2.683333
49.066667;2.883333
49.016667;2.6
49.066667;3.033333
49.016667;2.833333
49.066667;2.816667
49.083333;2.683333
48.883333;2.633333
48.883333;2.6
48.533333;2.766667
48.866667;2.7
48.866667;2.65
48.933333;2.616667
48.85;2.7
48.883333;2.766667
48.85;2.6
48.833333;2.666667
48.833333;2.666667
48.816667;2.616667
0;0
48.833333;2.616667
48.85;2.633333
48.766667;2.666667
48.8;2.7
48.8;2.65
48.85;2.65
48.6;2.816667
0;0
48.683333;2.616667
48.716667;2.666667
48.666667;2.566667
0;0
48.766667;2.783333
48.733333;2.633333
48.633333;2.55
48.616667;2.666667
0;0
48.65;2.683333
48.766667;2.066667
48.766667;2.033333
48.8;2.133333
48.8;2.166667
48.766667;2.133333
48.666667;1.966667
48.733333;2.1
48.7;2.05
48.766667;2.166667
48.733333;1.966667
48.733333;2.066667
48.733333;2.05
48.8;2.183333
48.75;2.05
48.85;2.083333
48.866667;2.133333
48.85;1.983333
48.866667;1.966667
48.85;2.15
48.825;2.125
48.866667;2.066667
48.85;2.066667
48.85;2.016667
48.916667;2.183333
48.883333;2.15
48.866667;2.133333
48.916667;2.2
48.883333;2.116667
48.866667;2.116667
48.866667;2.083333
0;0
48.9;2.116667
48.916667;2.15
48.95;2.183333
48.966667;2.066667
48.9;2.016667
48.883333;2.066667
48.9;2.1
48.883333;2.083333
48.9;2.083333
48.983333;2.066667
48.983333;2.1
49.016667;1.95
0;0
49;2.066667
48.983333;2
48.983333;1.983333
48.966667;1.983333
0;0
48.983333;1.666667
49.016667;1.716667
49;1.85
49;1.633333
48.716667;1.65
48.883333;1.816667
48.9;1.733333
48.966667;1.85
0;0
48.933333;1.85
48.8;1.666667
48.933333;1.866667
49.033333;1.566667
48.85;1.583333
48.95;1.533333
48.966667;1.933333
48.9;1.616667
48.95;1.916667
48.95;1.816667
49.05;1.6
48.766667;1.666667
48.9;1.866667
48.966667;1.8
48.516667;1.841667
48.7;1.883333
48.783333;1.85
48.85;1.866667
48.616667;2.033333
0;0
48.75;1.916667
48.583333;1.733333
48.816667;1.75
48.783333;1.9
48.8;1.766667
48.716667;1.9
48.583333;1.983333
48.816667;1.9
48.8;2.016667
48.783333;1.95
48.816667;2.05
48.8;2.066667
48.783333;2
48.95;2.033333
48.883333;1.933333
48.816667;1.983333
48.95;2
48.933333;1.933333
48.816667;1.95
48.933333;2.05
48.85;1.916667
46.283333;-0.416667
46.35;-0.383333
46.316667;-0.583333
46.383333;-0.4
46.316667;-0.55
46.316667;-0.466667
46.316667;-0.25
46.266667;-0.616667
46.1;-0.033333
46.1;-0.183333
46.433333;-0.283333
46.383333;-
46.166667;-0.466667
46.2;0.083333
46.2;-0.1
46.316667;-0.033333
46.233333;-0.583333
46.366667;-0.35
46.683333;-0.316667
46.833333;-0.15
46.583333;-0.383333
46.75;-0.316667
46.483333;-0.55
46.733333;-0.133333
46.583333;-0.233333
0;0
46.5;-0.15
46.766667;-0.516667
46.683333;-0.366667
46.566667;-0.366667
46.633333;-0.583333
46.75;-0.483333
47.05;-0.266667
46.983333;-0.45
46.783333;-0.433333
46.866667;-0.6
0;0
46.933333;-0.316667
46.783333;-0.566667
46.766667;-0.65
46.883333;-0.75
0;0
49.916667;2.2
49.933333;2.35
49.9;2.3
0;0
50.016667;2.116667
0;0
49.883333;2.35
50.016667;2.016667
50.016667;2.083333
49.866667;2.35
50.016667;2.2
49.883333;2.416667
49.85;2.266667
49.783333;2.333333
49.783333;2.283333
49.8;2.433333
49.916667;2.316667
49.783333;2.25
50.066667;1.683333
49.966667;1.95
49.9;1.783333
50.133333;1.616667
50.1;1.45
49.883333;1.916667
50.033333;1.85
49.816667;1.766667
50.016667;1.516667
50.05;1.75
50.15;1.683333
49.866667;2.033333
49.966667;1.633333
50.1;1.533333
50.116667;1.716667
50.183333;1.483333
50.05;1.533333
50.05;1.883333
50.033333;1.933333
49.833333;2.05
50.066667;1.566667
50.05;1.5
50.066667;1.383333
50.116667;1.566667
0;0
50.1;1.833333
50.166667;2.1
50.166667;1.916667
50.083333;2
50.35;1.833333
50.133333;2.233333
50.1;2.333333
50.1;2.166667
50.05;2.166667
50.083333;2.25
50.1;2
50.1;2.25
50.216667;1.616667
0;0
50.183333;1.766667
50.05;2.133333
0;0
50.066667;2.533333
49.966667;3.05
49.95;2.983333
50;2.65
49.8;2.966667
49.933333;2.716667
49.716667;3.1
0;0
50.016667;2.866667
0;0
50;3.133333
0;0
50.016667;3.083333
49.716667;2.716667
49.733333;2.65
49.616667;2.6
49.866667;2.633333
49.75;2.016667
49.75;2.6
49.766667;2.616667
49.933333;2.45
43.933333;2.15
44.1;2.166667
44.033333;1.933333
43.933333;2.383333
0;0
43.95;2.2
43.983333;2.433333
44.016667;2.133333
43.983333;2.15
43.916667;2.216667
43.933333;2.083333
44.05;2.083333
44;2.166667
43.95;2.166667
44.066667;1.733333
0;0
43.9;1.583333
43.75;1.916667
43.783333;1.966667
43.816667;1.75
43.85;1.8
43.9;2.466667
43.766667;2.333333
43.75124;2.82714
43.7;2.566667
43.633333;2.316667
43.85;2.2
43.75;2.633333
43.716667;2.7
43.733333;2.516667
43.666667;2.35
43.566667;2.225
43.533333;1.916667
43.483333;2.333333
43.45;2.533333
43.733333;1.816667
43.583333;1.966667
43.433333;2.166667
43.483333;2.05
43.583333;2.4
43.5;2.416667
43.716667;2.083333
43.583333;2.116667
43.616667;2.15
43.65;1.983333
43.5;2.216667
43.466667;2.65
43.566667;2.283333
0;0
44.083333;1.45
44.2;1.466667
44.083333;1.55
44.266667;1.95
44.166667;1.533333
44.1;1.466667
44.216667;1.616667
0;0
43.95;1.366667
44;1.5
44.2;1.866667
44.133333;1.25
44.141667;1.966667
44.216667;1.5
44.016667;1.35
44.05;1.466667
44.05;1.283333
44;1.033333
44;0.916667
43.8;1.216667
43.858333;0.966667
44.066667;0.9
44.333333;1.1
43.883333;1.266667
44.1;1.016667
44.3;1.133333
44.25;0.966667
43.95;1.166667
43.966667;1.333333
0;0
44.183333;0.95
0;0
44.116667;0.833333
43.116667;5.933333
43.083333;6.083333
43.116667;6.116667
43.15;6.066667
0;0
43.133333;6.233333
43.133333;5.983333
43.1;6.016667
43.366667;6.566667
43.766667;6.25
43.6;6.383333
43.15;6.333333
43.166667;6.533333
43.25;6.533333
43.233333;6.3
43.533333;6.466667
43.533333;6.4
43.216667;6.583333
43.2;6.566667
43.316667;6.466667
43.483333;6.516667
43.4;6.35
43.133333;6.366667
43.45;6.483333
43.483333;6.366667
43.333333;6.55
43.216667;6.616667
0;0
43.266667;6.633333
43.5;6.483333
43.416667;6.433333
43.533333;6.7
43.733333;6.566667
43.616667;6.533333
43.633333;6.75
43.466667;6.55
43.616667;6.483333
43.45;6.683333
43.433333;6.633333
43.416667;6.766667
43.6;5.8
43.55;6
43.25;6
43.35;6.166667
43.466667;5.95
43.4;6.066667
43.533333;5.95
43.466667;6.183333
43.3;6.183333
43.233333;6.066667
43.333333;6.083333
43.316667;6.283333
43.2;5.766667
43.2;5.8
43.433333;6.083333
43.366667;5.783333
43.483333;5.833333
43.3;6.216667
0;0
43.5;5.733333
43.183333;5.716667
43.55;6.233333
43.3;5.866667
43.133333;5.75
43.1;5.883333
43.133333;5.85
43.066667;5.933333
43.116667;5.8
0;0
43.95;4.816667
43.966667;4.85
0;0
43.733333;5.466667
43.883333;5.4
43.85;5.233333
43.733333;5.7
43.816667;5.3
43.733333;5.366667
43.883333;5.483333
43.9;4.95
43,84;5,04
43.933333;4.933333
43.8;5.066667
43.916667;5.133333
43.95;4.933333
43.75;5.316667
43.933333;5
43.85;5.166667
43.833333;5.216667
43.833333;5.183333
43.85;5.116667
43.766667;5.533333
0;0
43.716667;5.433333
44;4.95
44.1;5.016667
44.133333;5.416667
44.033333;4.9
44.116667;5.166667
44.033333;5.2
44.116667;5.1
44.05;5.05
44.083333;4.883333
0;0
44.083333;5
44.05;5.133333
44.033333;5
44.083333;4.966667
44;4.866667
43.983333;4.9
43.95;5.033333
44.116667;5.033333
44.183333;5.166667
44.283333;4.75
44.283333;5
44.1;4.75
44.233333;4.933333
44.166667;4.883333
44.05;4.833333
44.4;4.933333
44.116667;4.9
44.266667;4.683333
44.233333;4.716667
44.2;4.733333
44.133333;4.8
44.183333;4.766667
44.183333;4.85
44.3;4.966667
46.733333;-1.616667
46.75;-1.75
0;0
46.933333;-1.9
46.8;-1.316667
46.85;-1.883333
46.883333;-1.7
46.716667;-1.316667
46.666667;-1.433333
46.916667;-1.383333
46.933333;-1.516667
46.75;-1.116667
46.983333;-1.516667
46.4;-1.4
46.6;-1.45
46.466667;-1.5
46.533333;-1.15
46.633333;-1.166667
0;0
46.45;-1.3
46.416667;-1.583333
46.583333;-1.65
46.316667;-1.316667
46.333333;-1.433333
46.433333;-1.466667
46.8;-0.983333
46.95;-2.183333
46.916667;-2.05
0;0
46.5;-1.733333
46.666667;-1.9
46.883333;-2.133333
46.966667;-2.233333
46.983333;-2.275
46.5;-1.783333
46.566667;-1.783333
0;0
47.008333;-2.225
46.833333;-2.15
46.75;-1.916667
46.783333;-2.066667
46.9;-1.133333
46.916667;-1.083333
46.966667;-1.35
46.9;-1.25
46.716667;-0.9
47.066667;-1.25
47.016667;-1.2
46.833333;-0.866667
46.883333;-0.9
47;-0.95
46.783333;-1.066667
46.616667;-0.766667
46.433333;-0.866667
46.366667;-0.6
46.383333;-0.683333
0;0
46.383333;-1.016667
46.466667;-1.216667
46.55;-0.633333
46.383333;-1.3
46.566667;-0.933333
46.366667;-0.883333
46.433333;-0.95
46.516667;-0.916667
46.783333;0.15
46.666667;0.65
0;0
46.666667;0.316667
46.733333;0.433333
46.6;0.466667
46.6;0.6
46.616667;0.483333
46.716667;0.266667
46.65;0.366667
46.7;0.433333
46.633333;0.316667
46.583333;0.333333
46.683333;0.183333
46.4;0.333333
46.566667;0.05
46.416667;0.316667
46.533333;0.283333
46.45;0.55
46.4;0.35
46.55;0.416667
46.55;0.333333
46.583333;0.266667
46.25;0.8
46.35;0.266667
46.7;0.883333
46.533333;0.85
46.116667;0.416667
46.116667;0.65
46.2;0.25
46.383333;1
46.4;1.083333
46.233333;0.2
46.433333;0.183333
46.266667;0.416667
46.45;0.666667
46.483333;0.833333
46.233333;0.65
46.416667;0.05
0;0
46.85;0.533333
46.966667;0.016667
47.066667;-0.066667
46.9;0.266667
46.833333;0.3
46.716667;0.616667
46.8;0.75
0;0
46.916667;0.466667
46.833333;0.45
45.8;1.233333
45.866667;1.233333
45.75;1.283333
45.85;1.25
45.8;1.133333
45.766667;1.316667
45.716667;1.15
45.616667;1.033333
45.883333;0.866667
45.7;0.916667
45.6;1.35
45.766667;0.75
0;0
45.5;1.316667
45.95;0.983333
45.65;0.85
45.7;1.35
45.866667;0.816667
45.866667;1.05
45.766667;1.083333
45.85;1.133333
46.266667;1.383333
0;0
46.116667;1.216667
46.116667;1.05
46.083333;1.416667
46.1;1.366667
46.05;0.85
46.233333;0.916667
46;1.133333
46.233333;1.116667
46.233333;1.25
45.816667;1.216667
46.35;1.266667
46;1.466667
45.933333;1.183333
46.033333;1.333333
45.95;1.4
45.783333;1.7
45.8;1.633333
45.833333;1.566667
45.716667;1.616667
45.866667;1.316667
45.833333;1.3
45.816667;1.766667
45.9;1.316667
45.866667;1.383333
45.883333;1.4
48.383333;6.666667
48.116667;6.533333
48.3;6.516667
48.266667;6.483333
48.166667;6.433333
48.1;6.266667
48.166667;6.333333
48.1;6.45
0;0
48.2;6.433333
48.166667;6.566667
48.033333;6.333333
48.25;6.533333
48.483333;7.016667
48.183333;6.95
48.133333;6.866667
48.166667;6.783333
48.25;7.066667
0;0
0;0
48.25;7.033333
48.316667;7.116667
48.366667;6.883333
48.316667;6.833333
48.383333;6.916667
48.233333;6.966667
47.983333;6.75
48.016667;6.45
47.87938;6.85014
47.966667;6.833333
48;6.65
48.1;6.616667
47.9;6.74288
47.866667;6.791667
48.066667;6.883333
47.95;6.55
48.116667;6.566667
48;6.883333
48.066667;6.733333
47.866667;6.791667
47.95;6.766667
48.283333;6.2
48.2;5.766667
48;5.833333
47.95;5.95
48.383333;5.866667
48.383333;5.816667
48.066667;6.033333
48.366667;6.216667
48.416667;5.533333
48.25;5.9
48.3;6.3
48.366667;5.483333
47.866667;3.35
47.516667;3.483333
47.883333;3.533333
47.766667;3.616667
47.8;3.566667
47.8;3.366667
47.833333;3.683333
47.7;2.95
47.883333;3.483333
47.866667;3.033333
47.766667;3.066667
47.933333;3.35
47.65;3.55
47.6;3.5
47.758333;3.25
47.65;3.3
47.6;2.983333
47.85;3.583333
47.75;3.633333
47.666667;3.716667
47.716667;3.883333
47.65;4.216667
47.766667;4.166667
47.566667;4.016667
47.533333;3.883333
47.733333;3.966667
47.6;3.75
47.933333;4.216667
47.483333;3.65
47.483333;3.75
47.85;4.133333
47.916667;3.5
47.916667;3.566667
47.416667;4.033333
47.9;3.9
47.8;3.9
0;0
0;0
47.966667;3.766667
47.9;3.633333
47.9;3.75
0;0
48.05;3.316667
48.233333;3.583333
48.05;3.6
47.95;3.316667
48.133333;3.716667
48.233333;3.116667
47.95;3.433333
48.2;3
48.15;3.233333
48.366667;3.266667
47.983333;3.183333
48.133333;3.283333
48.283333;3.3
48.05;3.15
0;0
47.6;6.866667
47.7;7.016667
0;0
47.483333;6.916667
47.633333;6.866667
47.65;6.933333
47.566667;7.016667
47.6;7
47.633333;6.916667
47.55;6.966667
47.533333;6.916667
47.5;7.116667
47.7;6.933333
47.6;6.816667
47.733333;6.783333
47.7;6.95
47.566667;6.85
47.716667;6.833333
47.65;6.833333
47.633333;6.816667
0;0
47.716667;7.016667
47.666667;6.916667
48.616667;2.383333
48.6;2.483333
48.616667;2.4
48.633333;2.45
48.6;2.416667
48.35;2.166667
48.316667;2
48.333333;2.166667
48.533333;2.483333
0;0
48.5;2.35
48.333333;2.366667
48.466667;2.083333
0;0
48.433333;2.3
48.433333;2.066667
48.383333;2.016667
48.516667;2.45
48.433333;2.466667
48.566667;2.4
48.3;2.133333
48.516667;2.333333
48.35;2.05
48.466667;2.483333
48.566667;2.366667
48.55;2.366667
48.466667;2.433333
48.583333;2.066667
48.583333;2.25
48.45;1.95
48.483333;2.233333
48.566667;2.25
48.55;2.216667
48.516667;2.3
48.616667;2.316667
48.566667;2.166667
48.6;2.2
48.516667;2.216667
48.583333;2.216667
48.516667;2.266667
48.616667;2.25
48.566667;2.066667
48.6;2.25
48.533333;2.183333
48.533333;2.333333
48.666667;2.283333
48.616667;2.116667
48.666667;2.333333
48.666667;2.116667
48.683333;2.133333
48.65;2.266667
48.633333;2.233333
48.7;2.25
48.65;2.3
48.75;2.216667
48.7;2.166667
48.683333;2.133333
48.733333;2.2
48.75;2.266667
48.7;2.3
48.733333;2.283333
48.7;2.333333
48.716667;2.25
48.733333;2.333333
48.716667;2.4
48.683333;2.383333
48.716667;2.366667
48.666667;2.35
48.666667;2.383333
48.7;2.5
48.716667;2.45
48.7;2.45
48.7;2.416667
48.716667;2.5
48.683333;2.416667
48.683333;2.516667
48.633333;2.466667
48.566667;2.5
48.666667;2.533333
48.65;2.416667
48.616667;2.5
48.65;2.383333
48.666667;2.35
48.633333;2.3
48.916667;2.25
48.933333;2.3
48.933333;2.333333
0;0
48.916667;2.266667
0;0
48.9;2.25
48.9;2.2
48.866667;2.233333
48.9;2.3
48.9;2.283333
48.883333;2.266667
48.866667;2.233333
48.841667;2.183333
48.883333;2.2
48.841667;2.216667
48.8;2.2
48.833333;2.175
48.808333;2.241667
48.816667;2.2
48.833333;2.175
48.825;2.191667
48.833333;2.25
48.816667;2.266667
48.833333;2.3
48.8;2.3
48.816667;2.3
48.816667;2.316667
48.8;2.283333
48.8;2.266667
48.783333;2.283333
48.783333;2.266667
48.75;2.3
48.775;2.316667
48.766667;2.266667
48.783333;2.283333
48.95;2.308333
48.933333;2.333333
48.933333;2.358333
48.9;2.333333
48.966667;2.366667
48.958333;2.341667
48.916667;2.383333
48.916667;2.383333
48.933333;2.416667
48.95;2.416667
48.933333;2.45
48.95;2.383333
48.9;2.45
48.933333;2.45
48.866667;2.416667
48.883333;2.4
48.883333;2.433333
48.9;2.4
48.866667;2.433333
48.883333;2.533333
48.866667;2.483333
48.883333;2.5
48.9;2.466667
48.883333;2.466667
48.883333;2.433333
48.95;2.516667
48.9;2.516667
48.933333;2.533333
0;0
48.966667;2.533333
48.916667;2.55
48.916667;2.583333
48.9;2.516667
48.916667;2.55
48.9;2.566667
48.933333;2.566667
48.866667;2.566667
48.866667;2.516667
48.85;2.533333
48.85;2.566667
48.766667;2.483333
48.783333;2.466667
48.8;2.5
48.766667;2.416667
48.75;2.4
48.716667;2.416667
48.75;2.516667
48.733333;2.483333
48.7;2.55
48.733333;2.55
48.75;2.466667
48.733333;2.416667
48.733333;2.45
48.8;2.516667
48.783333;2.583333
48.816667;2.566667
48.783333;2.55
48.783333;2.55
48.766667;2.533333
48.833333;2.55
48.833333;2.516667
48.816667;2.516667
48.85;2.5
48.85;2.483333
48.833333;2.416667
48.85;2.433333
48.816667;2.466667
48.833333;2.483333
48.816667;2.416667
48.8;2.433333
48.816667;2.458333
48.8;2.416667
48.783333;2.4
48.816667;2.333333
48.816667;2.383333
48.816667;2.366667
48.8;2.333333
48.783333;2.333333
48.8;2.366667
48.766667;2.35
48.75;2.316667
48.783333;2.333333
48.75;2.35
48.766667;2.383333
49.083333;1.983333
49.066667;1.783333
49.15;1.7
49.183333;2.1
49.1;1.783333
49.066667;2.166667
49.133333;2.283333
49.166667;2.3
49.15;2.016667
49.166667;2.316667
49.2;1.683333
49.133333;2.25
49.166667;1.933333
49.116667;2.016667
49.083333;2
49.066667;2.1
49.15;2.15
49.083333;1.666667
49.133333;2.3
49.05;2.1
49.1;2.2
49.033333;2
49.016667;2.1
49.016667;2.033333
49.116667;2.233333
49.016667;1.983333
49.083333;2.2
49.066667;2.2
49.066667;2.066667
49.116667;2.216667
49.05;2.116667
49.033333;2.033333
49.066667;2.233333
49.016667;2.2
49.033333;2.216667
49.05;2.266667
48.983333;2.2
49.05;2.216667
49;2.166667
48.966667;2.183333
49;2.233333
48.983333;2.183333
49.016667;2.166667
49.033333;2.216667
49;2.283333
48.983333;2.266667
49.016667;2.283333
49.016667;2.25
49.016667;2.266667
48.95;2.25
48.933333;2.216667
49;2.3
48.983333;2.333333
48.966667;2.316667
48.966667;2.35
48.966667;2.283333
48.966667;2.25
48.983333;2.3
49.133333;2.35
49.05;2.35
49.033333;2.333333
49.016667;2.383333
49.033333;2.366667
48.983333;2.35
49.05;2.4
49;2.333333
49.016667;2.35
49;2.383333
48.983333;2.416667
48.966667;2.433333
48.966667;2.416667
49.066667;2.45
49.05;2.55
49.1;2.483333
49.083333;2.45
49.083333;2.5
49;2.516667
